timestamp,mid_price,bid_price_1,ask_price_1,bid_size_1,ask_size_1,bid_price_2,ask_price_2,bid_size_2,ask_size_2,bid_price_3,ask_price_3,bid_size_3,ask_size_3,bid_price_4,ask_price_4,bid_size_4,ask_size_4,bid_price_5,ask_price_5,bid_size_5,ask_size_5,aggressor_side,trade_price,trade_size
2026-01-02T09:30:00+00:00,100.0,99.995,100.005,26.17,36.602,99.985,100.015,60.749,64.734,99.975,100.025,112.828,122.04,99.965,100.035,132.268,132.888,99.955,100.045,96.161,141.23,-1,99.995,14.855
2026-01-02T09:30:01+00:00,100.0,99.99,100.01,46.195,66.043,99.98,100.02,76.327,98.346,99.97,100.03,141.47,179.591,99.96,100.04,67.619,92.457,99.95,100.05,79.262,102.098,-1,99.99,24.749
2026-01-02T09:30:02+00:00,100.0,99.99,100.01,63.123,78.116,99.98,100.02,80.16,85.237,99.97,100.03,92.679,82.542,99.96,100.04,74.474,83.513,99.95,100.05,106.021,91.388,-1,99.99,6.517
2026-01-02T09:30:03+00:00,100.0,99.995,100.005,80.741,83.454,99.985,100.015,64.081,66.975,99.975,100.025,43.904,53.397,99.965,100.035,102.98,130.373,99.955,100.045,84.273,105.658,1,100.005,21.141
2026-01-02T09:30:04+00:00,100.01,100.0,100.02,61.526,84.021,99.99,100.03,79.498,105.191,99.98,100.04,67.317,90.417,99.97,100.05,39.514,51.695,99.96,100.06,68.625,75.627,1,100.02,33.602
2026-01-02T09:30:05+00:00,100.01,100.005,100.015,45.518,64.845,99.995,100.025,67.921,116.551,99.985,100.035,72.58,86.75,99.975,100.045,77.65,112.645,99.965,100.055,109.293,116.008,1,100.015,18.149
2026-01-02T09:30:06+00:00,100.01,100.005,100.015,75.97,68.487,99.995,100.025,47.612,62.932,99.985,100.035,51.24,57.294,99.975,100.045,45.686,66.409,99.965,100.055,155.69,215.395,-1,100.005,9.542
2026-01-02T09:30:07+00:00,100.01,100.005,100.015,38.739,67.771,99.995,100.025,80.351,127.902,99.985,100.035,36.681,69.938,99.975,100.045,85.954,116.75,99.965,100.055,102.151,155.541,1,100.015,11.036
2026-01-02T09:30:08+00:00,100.01,100.0,100.02,49.132,52.618,99.99,100.03,64.879,68.922,99.98,100.04,85.706,89.352,99.97,100.05,58.658,79.411,99.96,100.06,100.881,121.1,1,100.02,18.554
2026-01-02T09:30:09+00:00,100.01,100.005,100.015,97.882,99.151,99.995,100.025,51.936,62.837,99.985,100.035,68.537,102.569,99.975,100.045,53.214,76.761,99.965,100.055,82.999,97.674,1,100.015,35.663
2026-01-02T09:30:10+00:00,100.01,100.005,100.015,52.365,57.8,99.995,100.025,49.109,65.882,99.985,100.035,50.355,54.661,99.975,100.045,88.212,96.333,99.965,100.055,147.378,159.469,1,100.015,18.791
2026-01-02T09:30:11+00:00,100.02,100.015,100.025,173.723,137.642,100.005,100.035,53.487,65.299,99.995,100.045,102.305,89.172,99.985,100.055,55.7,77.706,99.975,100.065,65.499,69.073,-1,100.015,6.254
2026-01-02T09:30:12+00:00,100.02,100.015,100.025,46.506,72.322,100.005,100.035,40.395,60.175,99.995,100.045,111.137,166.19,99.985,100.055,107.966,134.007,99.975,100.065,71.281,111.767,1,100.025,18.684
2026-01-02T09:30:13+00:00,100.02,100.015,100.025,57.122,79.288,100.005,100.035,55.343,90.183,99.995,100.045,85.49,115.555,99.985,100.055,79.798,110.09,99.975,100.065,130.45,192.637,1,100.025,27.388
2026-01-02T09:30:14+00:00,100.02,100.01,100.03,60.753,75.344,100.0,100.04,60.191,81.669,99.99,100.05,87.244,149.142,99.98,100.06,89.954,107.314,99.97,100.07,52.869,80.831,1,100.03,26.446
2026-01-02T09:30:15+00:00,100.02,100.015,100.025,57.199,69.357,100.005,100.035,129.319,156.412,99.995,100.045,135.195,187.206,99.985,100.055,73.926,89.14,99.975,100.065,107.853,180.343,-1,100.015,17.094
2026-01-02T09:30:16+00:00,100.01,100.005,100.015,36.373,33.754,99.995,100.025,72.196,68.883,99.985,100.035,57.167,68.679,99.975,100.045,56.299,67.124,99.965,100.055,159.118,119.047,-1,100.005,17.109
2026-01-02T09:30:17+00:00,100.01,100.005,100.015,56.678,42.669,99.995,100.025,126.625,131.026,99.985,100.035,77.356,77.926,99.975,100.045,105.485,103.509,99.965,100.055,77.76,75.93,1,100.015,28.5
2026-01-02T09:30:18+00:00,100.01,100.0,100.02,41.687,54.561,99.99,100.03,90.258,122.36,99.98,100.04,113.935,127.395,99.97,100.05,183.054,170.745,99.96,100.06,154.998,191.996,-1,100.0,6.812
2026-01-02T09:30:19+00:00,100.01,100.005,100.015,65.556,87.986,99.995,100.025,29.368,53.929,99.985,100.035,63.561,90.479,99.975,100.045,90.36,117.227,99.965,100.055,95.582,140.753,-1,100.005,25.824
2026-01-02T09:30:20+00:00,100.01,100.005,100.015,55.754,56.345,99.995,100.025,33.212,42.521,99.985,100.035,60.578,75.874,99.975,100.045,94.464,137.84,99.965,100.055,98.94,120.59,-1,100.005,11.859
2026-01-02T09:30:21+00:00,100.02,100.015,100.025,70.663,147.223,100.005,100.035,41.179,64.474,99.995,100.045,38.121,53.399,99.985,100.055,51.594,91.314,99.975,100.065,87.28,156.381,1,100.025,34.0
2026-01-02T09:30:22+00:00,100.02,100.015,100.025,48.475,74.674,100.005,100.035,54.799,111.696,99.995,100.045,124.966,212.464,99.985,100.055,90.233,174.807,99.975,100.065,79.879,117.058,1,100.025,5.259
2026-01-02T09:30:23+00:00,100.01,100.005,100.015,57.258,123.534,99.995,100.025,43.729,85.297,99.985,100.035,69.358,151.326,99.975,100.045,45.332,114.062,99.965,100.055,93.535,146.806,-1,100.005,15.939
2026-01-02T09:30:24+00:00,100.01,100.005,100.015,37.167,70.025,99.995,100.025,57.488,112.559,99.985,100.035,60.618,77.916,99.975,100.045,47.416,90.153,99.965,100.055,130.158,192.109,1,100.015,3.22
2026-01-02T09:30:25+00:00,100.01,100.0,100.02,39.521,56.468,99.99,100.03,47.843,85.253,99.98,100.04,80.289,152.086,99.97,100.05,59.045,117.448,99.96,100.06,48.12,114.49,1,100.02,35.591
2026-01-02T09:30:26+00:00,100.0,99.995,100.005,71.973,122.774,99.985,100.015,47.372,67.995,99.975,100.025,68.49,153.34,99.965,100.035,27.41,44.992,99.955,100.045,57.691,100.229,-1,99.995,15.066
2026-01-02T09:30:27+00:00,100.0,99.995,100.005,61.281,106.227,99.985,100.015,76.787,101.079,99.975,100.025,51.237,84.145,99.965,100.035,41.484,77.711,99.955,100.045,86.638,133.388,-1,99.995,24.697
2026-01-02T09:30:28+00:00,100.0,99.995,100.005,42.724,83.471,99.985,100.015,54.241,102.339,99.975,100.025,45.805,75.032,99.965,100.035,67.954,80.652,99.955,100.045,51.643,77.872,1,100.005,49.329
2026-01-02T09:30:29+00:00,100.0,99.995,100.005,65.813,143.927,99.985,100.015,77.717,148.929,99.975,100.025,48.289,103.866,99.965,100.035,58.011,139.965,99.955,100.045,70.731,103.188,-1,99.995,22.145
2026-01-02T09:30:30+00:00,99.99,99.985,99.995,35.93,46.575,99.975,100.005,59.953,89.57,99.965,100.015,84.508,120.632,99.955,100.025,111.353,186.422,99.945,100.035,81.755,147.408,-1,99.985,13.113
2026-01-02T09:30:31+00:00,99.99,99.98,100.0,131.302,113.533,99.97,100.01,33.514,41.431,99.96,100.02,61.641,93.095,99.95,100.03,83.577,134.041,99.94,100.04,187.296,217.178,1,100.0,23.067
2026-01-02T09:30:32+00:00,99.99,99.98,100.0,89.296,173.781,99.97,100.01,42.851,64.74,99.96,100.02,50.16,88.607,99.95,100.03,53.798,102.612,99.94,100.04,57.91,93.221,1,100.0,6.762
2026-01-02T09:30:33+00:00,99.99,99.98,100.0,70.959,87.84,99.97,100.01,44.017,57.857,99.96,100.02,161.537,224.214,99.95,100.03,81.891,111.514,99.94,100.04,123.424,173.765,1,100.0,25.405
2026-01-02T09:30:34+00:00,99.99,99.975,100.005,66.406,81.083,99.965,100.015,30.808,32.754,99.955,100.025,33.714,35.862,99.945,100.035,97.599,87.694,99.935,100.045,71.474,86.316,-1,99.975,9.966
2026-01-02T09:30:35+00:00,99.99,99.985,99.995,70.377,54.408,99.975,100.005,73.209,61.791,99.965,100.015,55.598,46.749,99.955,100.025,67.851,74.835,99.945,100.035,41.956,42.8,1,99.995,19.21
2026-01-02T09:30:36+00:00,100.0,99.995,100.005,75.182,57.628,99.985,100.015,89.48,80.708,99.975,100.025,97.944,76.064,99.965,100.035,164.018,105.366,99.955,100.045,62.033,57.395,-1,99.995,21.845
2026-01-02T09:30:37+00:00,100.0,99.995,100.005,53.631,69.51,99.985,100.015,160.219,112.325,99.975,100.025,126.373,110.749,99.965,100.035,161.317,146.586,99.955,100.045,140.958,98.025,1,100.005,12.111
2026-01-02T09:30:38+00:00,100.0,99.99,100.01,97.021,122.985,99.98,100.02,71.7,68.213,99.97,100.03,91.072,85.95,99.96,100.04,86.604,120.579,99.95,100.05,132.545,151.576,-1,99.99,14.708
2026-01-02T09:30:39+00:00,100.0,99.995,100.005,38.8,49.769,99.985,100.015,34.944,52.004,99.975,100.025,116.74,134.947,99.965,100.035,54.207,83.727,99.955,100.045,119.583,152.154,-1,99.995,8.295
2026-01-02T09:30:40+00:00,100.0,99.995,100.005,46.429,56.291,99.985,100.015,53.346,65.016,99.975,100.025,80.58,90.302,99.965,100.035,81.781,79.479,99.955,100.045,35.554,59.228,1,100.005,15.415
2026-01-02T09:30:41+00:00,100.0,99.99,100.01,90.191,104.266,99.98,100.02,50.13,56.717,99.97,100.03,162.58,132.375,99.96,100.04,171.909,223.276,99.95,100.05,99.645,108.312,-1,99.99,26.264
2026-01-02T09:30:42+00:00,100.0,99.99,100.01,55.405,58.471,99.98,100.02,74.387,90.664,99.97,100.03,70.294,112.649,99.96,100.04,52.571,72.776,99.95,100.05,90.599,127.556,1,100.01,13.147
2026-01-02T09:30:43+00:00,100.0,99.995,100.005,43.887,51.123,99.985,100.015,27.56,43.898,99.975,100.025,68.007,86.542,99.965,100.035,100.234,98.733,99.955,100.045,54.82,81.605,1,100.005,12.972
2026-01-02T09:30:44+00:00,100.0,99.995,100.005,36.495,67.524,99.985,100.015,54.691,77.971,99.975,100.025,48.461,66.733,99.965,100.035,78.507,133.601,99.955,100.045,118.439,286.567,-1,99.995,8.147
2026-01-02T09:30:45+00:00,100.0,99.995,100.005,58.184,83.708,99.985,100.015,88.154,151.048,99.975,100.025,88.4,99.248,99.965,100.035,57.341,106.956,99.955,100.045,63.567,134.687,-1,99.995,20.647
2026-01-02T09:30:46+00:00,100.01,99.995,100.025,86.229,119.978,99.985,100.035,59.124,109.73,99.975,100.045,96.217,145.318,99.965,100.055,101.312,180.222,99.955,100.065,83.285,147.834,-1,99.995,20.299
2026-01-02T09:30:47+00:00,100.01,100.005,100.015,39.511,94.652,99.995,100.025,66.761,210.172,99.985,100.035,53.756,141.048,99.975,100.045,53.17,134.315,99.965,100.055,53.393,138.424,1,100.015,27.341
2026-01-02T09:30:48+00:00,100.0,99.995,100.005,43.626,93.829,99.985,100.015,63.787,122.225,99.975,100.025,64.83,110.313,99.965,100.035,69.973,144.838,99.955,100.045,68.498,182.344,-1,99.995,22.928
2026-01-02T09:30:49+00:00,100.0,99.995,100.005,82.308,164.33,99.985,100.015,47.538,105.654,99.975,100.025,56.843,130.636,99.965,100.035,54.16,118.948,99.955,100.045,82.371,181.391,-1,99.995,13.381
2026-01-02T09:30:50+00:00,99.99,99.985,99.995,30.797,61.733,99.975,100.005,36.929,66.161,99.965,100.015,56.379,101.569,99.955,100.025,76.461,146.021,99.945,100.035,34.695,51.983,1,99.995,16.403
2026-01-02T09:30:51+00:00,99.99,99.985,99.995,44.717,61.357,99.975,100.005,64.945,83.614,99.965,100.015,92.948,118.405,99.955,100.025,110.443,159.308,99.945,100.035,57.241,92.185,-1,99.985,9.722
2026-01-02T09:30:52+00:00,99.99,99.98,100.0,73.705,64.914,99.97,100.01,101.762,146.303,99.96,100.02,76.747,99.524,99.95,100.03,120.009,202.33,99.94,100.04,69.776,86.106,-1,99.98,36.409
2026-01-02T09:30:53+00:00,99.99,99.985,99.995,41.143,60.777,99.975,100.005,78.681,128.097,99.965,100.015,69.419,81.919,99.955,100.025,79.671,103.75,99.945,100.035,87.007,105.191,-1,99.985,23.554
2026-01-02T09:30:54+00:00,99.99,99.985,99.995,70.989,88.227,99.975,100.005,112.298,135.47,99.965,100.015,112.903,153.065,99.955,100.025,104.069,141.651,99.945,100.035,66.368,71.249,-1,99.985,33.682
2026-01-02T09:30:55+00:00,99.99,99.98,100.0,38.978,47.194,99.97,100.01,80.048,77.743,99.96,100.02,77.267,106.71,99.95,100.03,79.455,98.203,99.94,100.04,87.671,130.158,1,100.0,14.38
2026-01-02T09:30:56+00:00,99.99,99.985,99.995,46.511,60.556,99.975,100.005,88.343,138.072,99.965,100.015,63.37,122.032,99.955,100.025,26.752,49.953,99.945,100.035,88.457,135.092,1,99.995,28.803
2026-01-02T09:30:57+00:00,99.99,99.975,100.005,56.744,84.935,99.965,100.015,66.756,102.499,99.955,100.025,27.514,36.4,99.945,100.035,70.638,78.215,99.935,100.045,59.279,113.598,-1,99.975,13.112
2026-01-02T09:30:58+00:00,99.99,99.985,99.995,46.607,68.828,99.975,100.005,34.089,50.327,99.965,100.015,85.51,91.871,99.955,100.025,97.332,152.993,99.945,100.035,75.647,113.705,-1,99.985,23.038
2026-01-02T09:30:59+00:00,99.99,99.985,99.995,55.178,83.412,99.975,100.005,104.927,142.683,99.965,100.015,104.158,132.34,99.955,100.025,72.767,89.634,99.945,100.035,66.977,87.44,1,99.995,57.679
2026-01-02T09:31:00+00:00,99.99,99.985,99.995,49.485,47.581,99.975,100.005,33.956,39.084,99.965,100.015,59.789,61.549,99.955,100.025,136.443,173.095,99.945,100.035,74.361,92.467,-1,99.985,22.371
2026-01-02T09:31:01+00:00,99.99,99.975,100.005,41.706,46.339,99.965,100.015,54.658,62.983,99.955,100.025,118.971,124.261,99.945,100.035,79.414,65.721,99.935,100.045,142.407,145.12,-1,99.975,14.964
2026-01-02T09:31:02+00:00,99.99,99.985,99.995,42.739,51.618,99.975,100.005,55.469,68.737,99.965,100.015,118.594,193.55,99.955,100.025,90.156,106.105,99.945,100.035,85.314,106.902,-1,99.985,23.515
2026-01-02T09:31:03+00:00,99.98,99.975,99.985,60.445,78.566,99.965,99.995,66.578,68.867,99.955,100.005,81.645,65.578,99.945,100.015,48.248,53.127,99.935,100.025,87.5,123.05,1,99.985,25.876
2026-01-02T09:31:04+00:00,99.98,99.97,99.99,30.245,37.089,99.96,100.0,37.718,40.613,99.95,100.01,57.198,50.574,99.94,100.02,117.479,119.0,99.93,100.03,37.998,56.742,1,99.99,13.584
2026-01-02T09:31:05+00:00,99.98,99.97,99.99,65.932,103.9,99.96,100.0,61.193,66.222,99.95,100.01,96.223,133.347,99.94,100.02,65.668,110.159,99.93,100.03,126.037,136.056,1,99.99,24.732
2026-01-02T09:31:06+00:00,99.97,99.965,99.975,67.083,96.979,99.955,99.985,93.471,112.414,99.945,99.995,50.024,85.569,99.935,100.005,51.479,131.332,99.925,100.015,78.376,163.169,-1,99.965,14.309
2026-01-02T09:31:07+00:00,99.97,99.965,99.975,80.709,102.41,99.955,99.985,48.74,74.43,99.945,99.995,58.649,103.401,99.935,100.005,46.834,60.907,99.925,100.015,82.017,166.227,-1,99.965,27.876
2026-01-02T09:31:08+00:00,99.97,99.96,99.98,26.845,49.907,99.95,99.99,65.1,117.101,99.94,100.0,113.725,123.475,99.93,100.01,59.756,87.637,99.92,100.02,89.87,120.488,-1,99.96,9.937
2026-01-02T09:31:09+00:00,99.97,99.965,99.975,41.666,119.562,99.955,99.985,61.997,124.486,99.945,99.995,42.777,65.454,99.935,100.005,58.405,105.938,99.925,100.015,95.234,183.09,-1,99.965,21.808
2026-01-02T09:31:10+00:00,99.97,99.96,99.98,79.976,112.371,99.95,99.99,122.12,223.312,99.94,100.0,58.107,106.666,99.93,100.01,89.169,141.263,99.92,100.02,59.999,111.32,-1,99.96,24.78
2026-01-02T09:31:11+00:00,99.98,99.975,99.985,48.443,83.717,99.965,99.995,17.041,40.838,99.955,100.005,50.088,73.22,99.945,100.015,105.821,201.072,99.935,100.025,191.788,277.955,-1,99.975,13.749
2026-01-02T09:31:12+00:00,99.98,99.97,99.99,77.843,167.315,99.96,100.0,72.012,97.612,99.95,100.01,80.858,128.088,99.94,100.02,94.312,135.414,99.93,100.03,44.309,70.717,-1,99.97,17.465
2026-01-02T09:31:13+00:00,99.98,99.97,99.99,50.725,86.678,99.96,100.0,37.697,63.174,99.95,100.01,90.254,111.442,99.94,100.02,99.797,107.491,99.93,100.03,102.371,163.61,1,99.99,11.717
2026-01-02T09:31:14+00:00,99.98,99.975,99.985,43.579,65.636,99.965,99.995,48.331,48.872,99.955,100.005,56.801,91.091,99.945,100.015,89.961,124.334,99.935,100.025,45.508,73.782,1,99.985,17.071
2026-01-02T09:31:15+00:00,99.98,99.975,99.985,35.07,35.448,99.965,99.995,102.602,95.417,99.955,100.005,37.208,56.832,99.945,100.015,78.746,106.522,99.935,100.025,142.174,126.856,-1,99.975,22.319
2026-01-02T09:31:16+00:00,99.98,99.97,99.99,106.818,138.205,99.96,100.0,36.72,51.909,99.95,100.01,82.739,81.118,99.94,100.02,104.005,90.464,99.93,100.03,51.113,63.379,1,99.99,6.946
2026-01-02T09:31:17+00:00,99.98,99.975,99.985,34.384,39.849,99.965,99.995,96.272,100.697,99.955,100.005,68.862,72.014,99.945,100.015,52.869,64.328,99.935,100.025,66.504,83.505,1,99.985,16.674
2026-01-02T09:31:18+00:00,99.98,99.975,99.985,30.818,42.82,99.965,99.995,72.349,117.046,99.955,100.005,111.178,143.94,99.945,100.015,67.02,66.599,99.935,100.025,49.081,46.341,1,99.985,7.671
2026-01-02T09:31:19+00:00,99.98,99.975,99.985,61.967,88.368,99.965,99.995,78.575,82.874,99.955,100.005,76.937,113.241,99.945,100.015,46.198,81.786,99.935,100.025,102.859,141.814,-1,99.975,19.269
2026-01-02T09:31:20+00:00,99.98,99.975,99.985,44.158,85.127,99.965,99.995,34.764,44.212,99.955,100.005,83.216,131.341,99.945,100.015,115.668,187.542,99.935,100.025,47.447,59.399,-1,99.975,8.407
2026-01-02T09:31:21+00:00,99.98,99.975,99.985,61.68,68.885,99.965,99.995,78.979,121.046,99.955,100.005,42.561,47.149,99.945,100.015,75.594,143.061,99.935,100.025,89.49,119.675,-1,99.975,12.446
2026-01-02T09:31:22+00:00,99.98,99.975,99.985,43.362,68.114,99.965,99.995,40.188,46.326,99.955,100.005,143.879,201.462,99.945,100.015,174.881,173.214,99.935,100.025,99.934,128.385,-1,99.975,15.656
2026-01-02T09:31:23+00:00,99.98,99.975,99.985,38.155,80.37,99.965,99.995,59.866,97.331,99.955,100.005,35.512,58.029,99.945,100.015,102.636,184.439,99.935,100.025,70.62,103.872,-1,99.975,12.254
2026-01-02T09:31:24+00:00,99.98,99.97,99.99,41.152,91.134,99.96,100.0,59.617,66.05,99.95,100.01,55.576,108.836,99.94,100.02,52.876,130.497,99.93,100.03,131.173,259.317,1,99.99,15.027
2026-01-02T09:31:25+00:00,99.98,99.975,99.985,37.966,80.56,99.965,99.995,39.963,84.751,99.955,100.005,42.829,59.11,99.945,100.015,66.664,112.145,99.935,100.025,67.33,130.915,-1,99.975,16.788
2026-01-02T09:31:26+00:00,99.98,99.975,99.985,26.639,56.344,99.965,99.995,32.929,54.384,99.955,100.005,59.619,132.852,99.945,100.015,68.171,154.059,99.935,100.025,54.057,107.157,-1,99.975,26.872
2026-01-02T09:31:27+00:00,99.98,99.975,99.985,41.984,73.836,99.965,99.995,118.732,148.72,99.955,100.005,52.028,101.556,99.945,100.015,46.961,87.439,99.935,100.025,59.927,142.763,-1,99.975,77.112
2026-01-02T09:31:28+00:00,99.98,99.975,99.985,88.917,150.295,99.965,99.995,33.771,53.697,99.955,100.005,104.341,178.685,99.945,100.015,26.059,59.414,99.935,100.025,123.767,166.979,1,99.985,28.747
2026-01-02T09:31:29+00:00,99.97,99.96,99.98,21.332,44.871,99.95,99.99,42.201,90.077,99.94,100.0,56.156,108.015,99.93,100.01,53.434,88.289,99.92,100.02,78.457,165.862,-1,99.96,5.618
2026-01-02T09:31:30+00:00,99.96,99.955,99.965,35.379,85.286,99.945,99.975,50.186,93.86,99.935,99.985,74.962,163.272,99.925,99.995,45.673,109.029,99.915,100.005,93.96,237.11,-1,99.955,16.972
2026-01-02T09:31:31+00:00,99.96,99.955,99.965,39.504,89.312,99.945,99.975,63.383,157.578,99.935,99.985,55.024,99.059,99.925,99.995,28.111,86.29,99.915,100.005,40.469,109.856,-1,99.955,18.675
2026-01-02T09:31:32+00:00,99.97,99.965,99.975,40.728,88.13,99.955,99.985,30.067,57.085,99.945,99.995,90.375,193.604,99.935,100.005,57.752,150.298,99.925,100.015,56.709,143.199,-1,99.965,11.718
2026-01-02T09:31:33+00:00,99.97,99.965,99.975,58.84,135.334,99.955,99.985,27.542,72.12,99.945,99.995,42.775,79.982,99.935,100.005,52.95,148.396,99.925,100.015,38.922,99.316,-1,99.965,8.799
2026-01-02T09:31:34+00:00,99.96,99.955,99.965,39.208,93.112,99.945,99.975,39.148,94.742,99.935,99.985,48.541,100.364,99.925,99.995,54.26,128.99,99.915,100.005,61.445,183.638,1,99.965,3.305
2026-01-02T09:31:35+00:00,99.96,99.955,99.965,51.472,104.399,99.945,99.975,34.865,56.98,99.935,99.985,72.555,147.364,99.925,99.995,41.194,120.224,99.915,100.005,64.771,176.578,-1,99.955,33.496
2026-01-02T09:31:36+00:00,99.96,99.955,99.965,23.318,55.56,99.945,99.975,28.592,59.0,99.935,99.985,22.794,46.472,99.925,99.995,38.424,93.352,99.915,100.005,118.597,293.404,-1,99.955,11.477
2026-01-02T09:31:37+00:00,99.96,99.955,99.965,25.049,55.35,99.945,99.975,43.723,104.692,99.935,99.985,43.106,114.298,99.925,99.995,61.079,134.282,99.915,100.005,79.945,181.569,1,99.965,41.809
2026-01-02T09:31:38+00:00,99.96,99.955,99.965,48.603,101.867,99.945,99.975,42.968,110.143,99.935,99.985,41.393,104.899,99.925,99.995,53.97,128.263,99.915,100.005,41.087,99.942,1,99.965,27.962
2026-01-02T09:31:39+00:00,99.95,99.945,99.955,42.392,70.076,99.935,99.965,37.985,84.596,99.925,99.975,36.789,72.365,99.915,99.985,45.811,97.465,99.905,99.995,51.785,103.073,1,99.955,17.95
2026-01-02T09:31:40+00:00,99.94,99.93,99.95,36.474,88.757,99.92,99.96,38.548,82.618,99.91,99.97,46.453,141.776,99.9,99.98,59.016,103.598,99.89,99.99,77.575,179.727,1,99.95,12.751
2026-01-02T09:31:41+00:00,99.94,99.935,99.945,64.589,141.401,99.925,99.955,33.628,66.309,99.915,99.965,76.684,137.69,99.905,99.975,49.297,73.088,99.895,99.985,149.069,208.154,-1,99.935,12.54
2026-01-02T09:31:42+00:00,99.94,99.935,99.945,30.776,55.457,99.925,99.955,51.121,111.424,99.915,99.965,72.938,167.333,99.905,99.975,53.724,101.382,99.895,99.985,33.388,74.38,1,99.945,16.136
2026-01-02T09:31:43+00:00,99.94,99.935,99.945,50.131,84.688,99.925,99.955,57.811,114.088,99.915,99.965,50.593,100.854,99.905,99.975,73.967,158.375,99.895,99.985,79.064,147.316,-1,99.935,26.548
2026-01-02T09:31:44+00:00,99.93,99.92,99.94,21.417,53.446,99.91,99.95,40.866,107.346,99.9,99.96,34.879,82.205,99.89,99.97,73.412,161.107,99.88,99.98,76.293,145.613,-1,99.92,17.447
2026-01-02T09:31:45+00:00,99.93,99.925,99.935,39.664,85.717,99.915,99.945,50.669,125.499,99.905,99.955,50.321,105.778,99.895,99.965,87.172,122.408,99.885,99.975,71.432,146.614,-1,99.925,26.192
2026-01-02T09:31:46+00:00,99.93,99.925,99.935,56.489,76.39,99.915,99.945,38.354,66.422,99.905,99.955,78.426,148.434,99.895,99.965,72.099,106.446,99.885,99.975,53.831,100.487,-1,99.925,10.536
2026-01-02T09:31:47+00:00,99.93,99.925,99.935,42.516,61.006,99.915,99.945,81.694,153.248,99.905,99.955,34.132,53.846,99.895,99.965,48.775,83.245,99.885,99.975,56.751,85.276,-1,99.925,21.742
2026-01-02T09:31:48+00:00,99.93,99.925,99.935,46.384,70.11,99.915,99.945,35.136,47.107,99.905,99.955,77.282,88.404,99.895,99.965,90.289,122.089,99.885,99.975,90.985,97.23,1,99.935,16.572
2026-01-02T09:31:49+00:00,99.93,99.925,99.935,51.203,74.223,99.915,99.945,85.888,114.805,99.905,99.955,88.113,105.935,99.895,99.965,116.011,164.144,99.885,99.975,142.713,216.173,-1,99.925,15.581
2026-01-02T09:31:50+00:00,99.93,99.925,99.935,40.539,53.03,99.915,99.945,42.912,61.765,99.905,99.955,107.404,124.185,99.895,99.965,78.91,111.876,99.885,99.975,127.959,183.361,-1,99.925,15.649
2026-01-02T09:31:51+00:00,99.93,99.915,99.945,31.731,66.885,99.905,99.955,61.988,87.957,99.895,99.965,50.192,92.538,99.885,99.975,50.925,88.839,99.875,99.985,41.407,50.543,-1,99.915,18.834
2026-01-02T09:31:52+00:00,99.93,99.915,99.945,43.338,54.018,99.905,99.955,82.449,104.661,99.895,99.965,54.423,83.425,99.885,99.975,82.271,131.221,99.875,99.985,124.104,109.782,1,99.945,46.405
2026-01-02T09:31:53+00:00,99.93,99.925,99.935,61.365,76.173,99.915,99.945,75.426,107.642,99.905,99.955,168.266,169.85,99.895,99.965,105.242,145.349,99.885,99.975,87.668,116.818,-1,99.925,10.886
2026-01-02T09:31:54+00:00,99.94,99.93,99.95,19.903,31.373,99.92,99.96,64.887,73.741,99.91,99.97,108.829,166.689,99.9,99.98,99.802,122.021,99.89,99.99,105.332,139.367,-1,99.93,56.2
2026-01-02T09:31:55+00:00,99.94,99.935,99.945,75.969,81.862,99.925,99.955,54.884,122.742,99.915,99.965,81.954,93.697,99.905,99.975,47.638,66.052,99.895,99.985,73.353,145.378,1,99.945,29.289
2026-01-02T09:31:56+00:00,99.94,99.93,99.95,28.447,38.911,99.92,99.96,47.274,53.91,99.91,99.97,135.907,162.948,99.9,99.98,103.693,129.389,99.89,99.99,48.908,78.535,1,99.95,31.98
2026-01-02T09:31:57+00:00,99.94,99.925,99.955,62.513,73.082,99.915,99.965,143.331,109.324,99.905,99.975,71.867,52.357,99.895,99.985,89.44,100.334,99.885,99.995,72.162,93.895,-1,99.925,16.835
2026-01-02T09:31:58+00:00,99.94,99.935,99.945,37.295,39.969,99.925,99.955,51.391,62.668,99.915,99.965,125.16,92.278,99.905,99.975,100.742,118.383,99.895,99.985,70.063,70.857,1,99.945,11.538
2026-01-02T09:31:59+00:00,99.94,99.93,99.95,69.496,57.358,99.92,99.96,48.03,37.436,99.91,99.97,38.967,31.41,99.9,99.98,139.753,121.449,99.89,99.99,191.711,125.465,1,99.95,23.079
2026-01-02T09:32:00+00:00,99.94,99.935,99.945,89.501,118.706,99.925,99.955,122.789,110.655,99.915,99.965,92.369,76.898,99.905,99.975,103.961,147.897,99.895,99.985,76.305,94.607,1,99.945,28.433
2026-01-02T09:32:01+00:00,99.94,99.935,99.945,44.98,56.166,99.925,99.955,148.499,181.868,99.915,99.965,106.461,111.923,99.905,99.975,78.416,82.296,99.895,99.985,82.111,113.224,1,99.945,5.97
2026-01-02T09:32:02+00:00,99.94,99.93,99.95,40.136,68.261,99.92,99.96,41.515,82.299,99.91,99.97,80.155,121.443,99.9,99.98,64.998,107.54,99.89,99.99,59.472,74.446,-1,99.93,25.008
2026-01-02T09:32:03+00:00,99.94,99.935,99.945,52.281,82.797,99.925,99.955,55.297,96.46,99.915,99.965,101.615,178.895,99.905,99.975,62.9,83.571,99.895,99.985,149.765,180.664,-1,99.935,12.165
2026-01-02T09:32:04+00:00,99.95,99.945,99.955,75.879,93.015,99.935,99.965,111.807,151.681,99.925,99.975,62.007,103.924,99.915,99.985,97.818,114.526,99.905,99.995,75.611,113.981,-1,99.945,6.415
2026-01-02T09:32:05+00:00,99.95,99.945,99.955,64.935,68.619,99.935,99.965,130.935,152.932,99.925,99.975,74.042,77.89,99.915,99.985,128.473,158.475,99.905,99.995,93.823,138.86,-1,99.945,6.739
2026-01-02T09:32:06+00:00,99.95,99.935,99.965,65.727,84.451,99.925,99.975,64.351,73.927,99.915,99.985,124.669,183.376,99.905,99.995,50.117,54.218,99.895,100.005,51.56,52.887,-1,99.935,26.095
2026-01-02T09:32:07+00:00,99.95,99.94,99.96,80.7,73.423,99.93,99.97,102.072,102.085,99.92,99.98,83.236,95.406,99.91,99.99,229.312,220.984,99.9,100.0,117.03,107.766,1,99.96,9.679
2026-01-02T09:32:08+00:00,99.95,99.945,99.955,100.605,75.991,99.935,99.965,112.372,72.285,99.925,99.975,161.147,120.096,99.915,99.985,107.587,63.045,99.905,99.995,126.369,99.65,-1,99.945,19.255
2026-01-02T09:32:09+00:00,99.96,99.95,99.97,63.21,70.924,99.94,99.98,48.618,53.399,99.93,99.99,93.857,89.977,99.92,100.0,114.709,117.439,99.91,100.01,52.006,56.27,1,99.97,10.76
2026-01-02T09:32:10+00:00,99.96,99.95,99.97,122.961,85.006,99.94,99.98,93.575,71.866,99.93,99.99,72.397,55.732,99.92,100.0,76.636,58.49,99.91,100.01,199.342,125.6,1,99.97,23.697
2026-01-02T09:32:11+00:00,99.96,99.955,99.965,44.495,50.233,99.945,99.975,92.179,60.225,99.935,99.985,133.079,74.424,99.925,99.995,63.45,41.657,99.915,100.005,104.339,97.805,1,99.965,14.895
2026-01-02T09:32:12+00:00,99.96,99.955,99.965,53.146,47.567,99.945,99.975,81.354,65.532,99.935,99.985,85.756,79.956,99.925,99.995,159.067,141.404,99.915,100.005,112.013,102.616,1,99.965,6.2
2026-01-02T09:32:13+00:00,99.95,99.945,99.955,48.344,43.991,99.935,99.965,45.803,41.181,99.925,99.975,43.737,33.728,99.915,99.985,100.645,93.114,99.905,99.995,173.019,124.199,-1,99.945,10.236
2026-01-02T09:32:14+00:00,99.95,99.945,99.955,115.215,73.737,99.935,99.965,71.323,69.896,99.925,99.975,95.988,70.473,99.915,99.985,95.642,72.285,99.905,99.995,129.135,87.064,1,99.955,9.049
2026-01-02T09:32:15+00:00,99.95,99.945,99.955,75.088,51.712,99.935,99.965,64.015,54.69,99.925,99.975,57.377,37.903,99.915,99.985,187.96,132.941,99.905,99.995,97.326,71.126,-1,99.945,35.362
2026-01-02T09:32:16+00:00,99.95,99.945,99.955,44.699,35.679,99.935,99.965,110.062,89.582,99.925,99.975,125.945,89.96,99.915,99.985,62.504,55.08,99.905,99.995,84.771,64.125,-1,99.945,26.565
2026-01-02T09:32:17+00:00,99.95,99.94,99.96,84.322,73.736,99.93,99.97,52.666,41.965,99.92,99.98,128.265,108.992,99.91,99.99,89.84,77.515,99.9,100.0,280.66,221.157,1,99.96,9.431
2026-01-02T09:32:18+00:00,99.95,99.945,99.955,110.792,75.411,99.935,99.965,86.049,56.976,99.925,99.975,101.146,58.917,99.915,99.985,79.877,68.348,99.905,99.995,163.138,104.229,1,99.955,11.543
2026-01-02T09:32:19+00:00,99.96,99.955,99.965,55.374,50.443,99.945,99.975,46.204,28.423,99.935,99.985,74.289,55.361,99.925,99.995,90.03,63.288,99.915,100.005,80.565,60.248,1,99.965,7.047
2026-01-02T09:32:20+00:00,99.96,99.955,99.965,72.559,66.953,99.945,99.975,131.514,158.013,99.935,99.985,80.529,58.672,99.925,99.995,82.929,56.287,99.915,100.005,148.507,121.642,1,99.965,14.994
2026-01-02T09:32:21+00:00,99.95,99.945,99.955,51.353,32.378,99.935,99.965,131.206,72.688,99.925,99.975,193.609,107.337,99.915,99.985,105.811,55.17,99.905,99.995,127.404,75.678,1,99.955,23.291
2026-01-02T09:32:22+00:00,99.95,99.945,99.955,51.375,42.6,99.935,99.965,92.876,50.998,99.925,99.975,67.903,45.147,99.915,99.985,86.002,70.474,99.905,99.995,90.97,77.344,1,99.955,26.886
2026-01-02T09:32:23+00:00,99.95,99.94,99.96,89.337,57.177,99.93,99.97,74.317,46.911,99.92,99.98,114.019,71.25,99.91,99.99,78.19,68.031,99.9,100.0,115.352,94.318,1,99.96,7.587
2026-01-02T09:32:24+00:00,99.95,99.945,99.955,92.351,48.201,99.935,99.965,66.213,34.949,99.925,99.975,195.471,89.284,99.915,99.985,167.039,95.437,99.905,99.995,210.912,158.817,1,99.955,18.604
2026-01-02T09:32:25+00:00,99.95,99.94,99.96,107.85,75.145,99.93,99.97,52.118,36.706,99.92,99.98,147.546,107.886,99.91,99.99,60.474,50.424,99.9,100.0,181.965,129.467,1,99.96,32.978
2026-01-02T09:32:26+00:00,99.95,99.94,99.96,94.506,61.803,99.93,99.97,122.734,69.821,99.92,99.98,118.284,68.244,99.91,99.99,46.959,42.597,99.9,100.0,125.973,117.29,-1,99.94,16.198
2026-01-02T09:32:27+00:00,99.96,99.955,99.965,107.519,108.907,99.945,99.975,95.131,61.116,99.935,99.985,89.263,71.04,99.925,99.995,109.624,86.785,99.915,100.005,129.478,71.098,1,99.965,14.767
2026-01-02T09:32:28+00:00,99.96,99.955,99.965,121.145,102.498,99.945,99.975,108.863,71.431,99.935,99.985,165.664,159.44,99.925,99.995,84.967,57.79,99.915,100.005,288.484,180.189,-1,99.955,24.004
2026-01-02T09:32:29+00:00,99.96,99.95,99.97,55.07,44.431,99.94,99.98,94.257,64.18,99.93,99.99,90.795,54.306,99.92,100.0,155.696,86.613,99.91,100.01,197.766,82.891,-1,99.95,37.55
2026-01-02T09:32:30+00:00,99.97,99.965,99.975,74.487,32.117,99.955,99.985,74.125,39.294,99.945,99.995,112.268,75.289,99.935,100.005,183.602,97.621,99.925,100.015,117.327,71.275,1,99.975,15.403
2026-01-02T09:32:31+00:00,99.97,99.965,99.975,72.193,46.899,99.955,99.985,142.163,87.34,99.945,99.995,67.039,47.883,99.935,100.005,85.705,60.26,99.925,100.015,99.668,67.271,-1,99.965,18.349
2026-01-02T09:32:32+00:00,99.98,99.975,99.985,97.265,58.709,99.965,99.995,82.526,37.831,99.955,100.005,73.129,38.476,99.945,100.015,94.507,38.125,99.935,100.025,104.128,43.037,1,99.985,18.657
2026-01-02T09:32:33+00:00,99.98,99.975,99.985,50.164,31.117,99.965,99.995,152.05,66.1,99.955,100.005,134.313,100.36,99.945,100.015,97.966,42.173,99.935,100.025,280.713,126.444,1,99.985,25.271
2026-01-02T09:32:34+00:00,99.99,99.98,100.0,75.352,40.366,99.97,100.01,122.213,64.844,99.96,100.02,148.896,79.583,99.95,100.03,98.251,45.841,99.94,100.04,95.253,47.32,1,100.0,22.206
2026-01-02T09:32:35+00:00,99.99,99.98,100.0,88.055,51.553,99.97,100.01,111.886,62.627,99.96,100.02,84.564,40.4,99.95,100.03,214.106,103.154,99.94,100.04,257.663,194.672,1,100.0,18.923
2026-01-02T09:32:36+00:00,99.99,99.98,100.0,97.002,45.086,99.97,100.01,92.547,60.665,99.96,100.02,95.539,52.337,99.95,100.03,281.807,136.504,99.94,100.04,105.342,63.266,1,100.0,23.858
2026-01-02T09:32:37+00:00,99.99,99.985,99.995,56.793,34.685,99.975,100.005,139.249,90.94,99.965,100.015,114.188,53.125,99.955,100.025,156.357,104.116,99.945,100.035,128.468,76.228,1,99.995,22.437
2026-01-02T09:32:38+00:00,100.0,99.995,100.005,60.1,35.399,99.985,100.015,71.16,36.262,99.975,100.025,114.872,51.338,99.965,100.035,124.494,62.113,99.955,100.045,124.26,61.798,1,100.005,20.82
2026-01-02T09:32:39+00:00,100.01,100.005,100.015,64.75,41.133,99.995,100.025,99.914,82.102,99.985,100.035,101.497,88.381,99.975,100.045,269.361,182.303,99.965,100.055,106.701,67.136,1,100.015,11.875
2026-01-02T09:32:40+00:00,100.01,99.995,100.025,50.598,29.964,99.985,100.035,86.475,48.131,99.975,100.045,119.686,102.804,99.965,100.055,167.586,129.792,99.955,100.065,92.452,55.424,1,100.025,18.954
2026-01-02T09:32:41+00:00,100.01,100.0,100.02,52.563,34.689,99.99,100.03,124.604,75.843,99.98,100.04,128.355,100.19,99.97,100.05,107.607,56.984,99.96,100.06,109.841,68.16,1,100.02,39.907
2026-01-02T09:32:42+00:00,100.02,100.015,100.025,57.933,57.502,100.005,100.035,72.26,55.749,99.995,100.045,43.383,44.07,99.985,100.055,47.685,39.376,99.975,100.065,226.589,152.717,1,100.025,10.943
2026-01-02T09:32:43+00:00,100.02,100.015,100.025,58.153,44.001,100.005,100.035,90.116,70.156,99.995,100.045,88.253,59.3,99.985,100.055,103.492,76.281,99.975,100.065,189.467,113.671,1,100.025,89.899
2026-01-02T09:32:44+00:00,100.02,100.015,100.025,52.155,33.813,100.005,100.035,107.952,73.204,99.995,100.045,160.859,92.909,99.985,100.055,104.338,65.257,99.975,100.065,71.344,49.354,1,100.025,27.128
2026-01-02T09:32:45+00:00,100.02,100.01,100.03,59.82,39.939,100.0,100.04,70.511,54.419,99.99,100.05,100.231,64.975,99.98,100.06,117.762,71.176,99.97,100.07,123.539,89.098,-1,100.01,7.334
2026-01-02T09:32:46+00:00,100.02,100.015,100.025,80.472,62.231,100.005,100.035,110.63,62.522,99.995,100.045,64.024,56.5,99.985,100.055,82.816,65.624,99.975,100.065,92.306,85.386,1,100.025,21.48
2026-01-02T09:32:47+00:00,100.02,100.015,100.025,76.472,62.921,100.005,100.035,39.89,38.239,99.995,100.045,83.417,83.296,99.985,100.055,81.944,76.631,99.975,100.065,125.231,129.945,-1,100.015,15.793
2026-01-02T09:32:48+00:00,100.02,100.01,100.03,39.563,29.911,100.0,100.04,41.83,32.829,99.99,100.05,120.646,81.463,99.98,100.06,76.22,72.615,99.97,100.07,144.864,97.429,-1,100.01,7.145
2026-01-02T09:32:49+00:00,100.02,100.01,100.03,68.545,59.754,100.0,100.04,55.682,57.079,99.99,100.05,83.541,76.682,99.98,100.06,97.072,107.665,99.97,100.07,125.857,109.154,-1,100.01,29.529
2026-01-02T09:32:50+00:00,100.02,100.01,100.03,70.586,97.183,100.0,100.04,72.637,122.001,99.99,100.05,69.835,69.22,99.98,100.06,95.17,121.921,99.97,100.07,109.957,129.603,1,100.03,17.034
2026-01-02T09:32:51+00:00,100.03,100.02,100.04,74.077,95.772,100.01,100.05,42.857,60.525,100.0,100.06,114.185,105.39,99.99,100.07,81.746,108.447,99.98,100.08,122.55,124.409,1,100.04,7.693
2026-01-02T09:32:52+00:00,100.03,100.025,100.035,38.389,39.712,100.015,100.045,40.651,52.714,100.005,100.055,81.868,113.015,99.995,100.065,43.071,55.6,99.985,100.075,94.049,121.808,-1,100.025,33.802
2026-01-02T09:32:53+00:00,100.03,100.02,100.04,72.379,65.003,100.01,100.05,45.479,46.053,100.0,100.06,111.47,87.146,99.99,100.07,153.893,122.818,99.98,100.08,127.137,143.292,-1,100.02,8.544
2026-01-02T09:32:54+00:00,100.03,100.02,100.04,82.28,61.817,100.01,100.05,77.213,76.915,100.0,100.06,130.621,109.608,99.99,100.07,113.186,103.721,99.98,100.08,124.093,123.607,1,100.04,6.875
2026-01-02T09:32:55+00:00,100.03,100.025,100.035,33.087,41.602,100.015,100.045,116.976,148.243,100.005,100.055,96.649,82.425,99.995,100.065,119.343,145.969,99.985,100.075,78.888,85.342,-1,100.025,20.543
2026-01-02T09:32:56+00:00,100.03,100.025,100.035,78.201,100.279,100.015,100.045,47.732,68.1,100.005,100.055,50.954,48.353,99.995,100.065,87.867,98.058,99.985,100.075,82.48,83.864,1,100.035,14.978
2026-01-02T09:32:57+00:00,100.03,100.025,100.035,48.916,43.786,100.015,100.045,110.624,90.155,100.005,100.055,81.841,60.1,99.995,100.065,115.641,103.655,99.985,100.075,77.848,79.035,1,100.035,15.896
2026-01-02T09:32:58+00:00,100.03,100.025,100.035,67.691,57.273,100.015,100.045,93.466,81.011,100.005,100.055,101.92,118.044,99.995,100.065,83.619,59.404,99.985,100.075,203.457,198.731,-1,100.025,36.671
2026-01-02T09:32:59+00:00,100.02,100.015,100.025,89.942,80.066,100.005,100.035,58.59,48.72,99.995,100.045,55.364,47.234,99.985,100.055,85.342,65.015,99.975,100.065,118.156,93.964,-1,100.015,15.877
2026-01-02T09:33:00+00:00,100.02,100.01,100.03,127.109,78.944,100.0,100.04,124.891,81.669,99.99,100.05,83.984,58.326,99.98,100.06,186.044,94.457,99.97,100.07,94.207,46.855,-1,100.01,14.144
2026-01-02T09:33:01+00:00,100.02,100.015,100.025,112.022,104.333,100.005,100.035,99.164,77.032,99.995,100.045,119.86,88.25,99.985,100.055,177.073,155.937,99.975,100.065,122.628,87.608,1,100.025,14.986
2026-01-02T09:33:02+00:00,100.02,100.015,100.025,35.721,38.637,100.005,100.035,92.015,70.692,99.995,100.045,66.485,47.983,99.985,100.055,103.839,118.06,99.975,100.065,88.656,87.37,-1,100.015,9.23
2026-01-02T09:33:03+00:00,100.02,100.01,100.03,179.115,162.974,100.0,100.04,57.213,60.47,99.99,100.05,117.384,116.477,99.98,100.06,78.98,76.006,99.97,100.07,92.788,92.737,1,100.03,21.918
2026-01-02T09:33:04+00:00,100.02,100.015,100.025,58.125,64.5,100.005,100.035,89.491,93.288,99.995,100.045,57.929,71.452,99.985,100.055,114.019,113.258,99.975,100.065,114.02,119.015,-1,100.015,15.558
2026-01-02T09:33:05+00:00,100.03,100.025,100.035,69.947,66.616,100.015,100.045,199.719,168.874,100.005,100.055,75.667,77.4,99.995,100.065,78.853,55.298,99.985,100.075,73.273,77.771,-1,100.025,13.441
2026-01-02T09:33:06+00:00,100.03,100.025,100.035,91.104,93.21,100.015,100.045,73.529,69.707,100.005,100.055,67.149,62.99,99.995,100.065,83.572,104.759,99.985,100.075,134.118,148.12,1,100.035,31.292
2026-01-02T09:33:07+00:00,100.03,100.025,100.035,80.985,65.657,100.015,100.045,94.825,91.475,100.005,100.055,57.93,61.677,99.995,100.065,76.833,91.071,99.985,100.075,52.949,63.034,1,100.035,8.427
2026-01-02T09:33:08+00:00,100.02,100.015,100.025,66.738,50.645,100.005,100.035,79.981,89.424,99.995,100.045,43.624,52.345,99.985,100.055,90.884,82.51,99.975,100.065,102.546,106.381,-1,100.015,10.408
2026-01-02T09:33:09+00:00,100.02,100.015,100.025,69.292,62.618,100.005,100.035,80.792,59.832,99.995,100.045,86.967,95.214,99.985,100.055,98.951,94.894,99.975,100.065,103.028,94.269,1,100.025,26.307
2026-01-02T09:33:10+00:00,100.02,100.015,100.025,62.989,42.571,100.005,100.035,71.486,55.609,99.995,100.045,105.307,92.015,99.985,100.055,79.453,82.872,99.975,100.065,151.33,109.342,1,100.025,15.616
2026-01-02T09:33:11+00:00,100.03,100.025,100.035,52.926,35.535,100.015,100.045,75.958,49.299,100.005,100.055,100.311,65.733,99.995,100.065,85.894,40.704,99.985,100.075,182.568,117.081,-1,100.025,41.072
2026-01-02T09:33:12+00:00,100.03,100.025,100.035,53.58,29.045,100.015,100.045,63.647,31.332,100.005,100.055,100.04,71.639,99.995,100.065,118.899,61.72,99.985,100.075,179.563,117.007,1,100.035,13.099
2026-01-02T09:33:13+00:00,100.03,100.025,100.035,36.782,27.194,100.015,100.045,91.461,59.593,100.005,100.055,171.483,121.921,99.995,100.065,153.814,75.005,99.985,100.075,97.173,100.306,1,100.035,9.241
2026-01-02T09:33:14+00:00,100.03,100.02,100.04,151.22,104.19,100.01,100.05,38.759,29.298,100.0,100.06,78.703,61.276,99.99,100.07,114.108,79.18,99.98,100.08,147.281,124.746,1,100.04,7.523
2026-01-02T09:33:15+00:00,100.03,100.025,100.035,85.806,91.865,100.015,100.045,86.921,95.814,100.005,100.055,99.635,115.524,99.995,100.065,95.034,87.243,99.985,100.075,153.829,129.0,-1,100.025,5.565
2026-01-02T09:33:16+00:00,100.03,100.02,100.04,139.427,131.481,100.01,100.05,58.878,67.149,100.0,100.06,108.358,103.933,99.99,100.07,171.37,152.526,99.98,100.08,87.758,80.57,-1,100.02,9.259
2026-01-02T09:33:17+00:00,100.03,100.025,100.035,67.378,86.937,100.015,100.045,58.742,63.693,100.005,100.055,80.878,87.845,99.995,100.065,97.433,104.154,99.985,100.075,57.765,63.904,1,100.035,20.946
2026-01-02T09:33:18+00:00,100.03,100.025,100.035,46.363,38.75,100.015,100.045,88.229,94.601,100.005,100.055,76.168,62.015,99.995,100.065,121.192,98.457,99.985,100.075,275.733,195.945,1,100.035,21.292
2026-01-02T09:33:19+00:00,100.03,100.02,100.04,74.597,85.311,100.01,100.05,76.425,93.768,100.0,100.06,110.326,115.872,99.99,100.07,104.061,85.513,99.98,100.08,55.937,55.972,-1,100.02,23.315
2026-01-02T09:33:20+00:00,100.03,100.015,100.045,57.58,59.37,100.005,100.055,58.192,76.548,99.995,100.065,75.466,82.741,99.985,100.075,93.631,97.85,99.975,100.085,56.706,64.404,1,100.045,12.044
2026-01-02T09:33:21+00:00,100.03,100.025,100.035,62.824,58.938,100.015,100.045,90.693,101.021,100.005,100.055,110.93,107.284,99.995,100.065,112.806,96.432,99.985,100.075,84.291,91.047,-1,100.025,15.782
2026-01-02T09:33:22+00:00,100.03,100.025,100.035,57.516,73.265,100.015,100.045,43.443,36.96,100.005,100.055,66.331,68.981,99.995,100.065,146.066,140.192,99.985,100.075,101.367,94.266,-1,100.025,6.398
2026-01-02T09:33:23+00:00,100.03,100.025,100.035,55.705,59.343,100.015,100.045,67.383,99.664,100.005,100.055,109.006,112.879,99.995,100.065,108.914,108.885,99.985,100.075,173.245,222.209,1,100.035,33.184
2026-01-02T09:33:24+00:00,100.03,100.025,100.035,75.763,75.504,100.015,100.045,56.202,59.801,100.005,100.055,113.857,98.049,99.995,100.065,88.885,62.379,99.985,100.075,137.341,107.345,1,100.035,13.91
2026-01-02T09:33:25+00:00,100.03,100.025,100.035,54.072,46.266,100.015,100.045,50.867,58.141,100.005,100.055,83.461,87.948,99.995,100.065,142.538,87.704,99.985,100.075,114.525,69.692,1,100.035,49.251
2026-01-02T09:33:26+00:00,100.03,100.025,100.035,111.751,88.802,100.015,100.045,57.184,58.716,100.005,100.055,153.958,131.767,99.995,100.065,53.753,61.786,99.985,100.075,67.679,66.305,-1,100.025,9.362
2026-01-02T09:33:27+00:00,100.03,100.02,100.04,80.86,68.447,100.01,100.05,50.263,52.431,100.0,100.06,75.21,82.246,99.99,100.07,145.852,113.837,99.98,100.08,233.271,228.953,1,100.04,13.434
2026-01-02T09:33:28+00:00,100.03,100.025,100.035,86.88,75.645,100.015,100.045,98.786,119.011,100.005,100.055,37.183,51.938,99.995,100.065,55.173,78.66,99.985,100.075,241.098,208.234,1,100.035,26.796
2026-01-02T09:33:29+00:00,100.03,100.025,100.035,80.318,63.917,100.015,100.045,89.542,75.814,100.005,100.055,129.257,86.76,99.995,100.065,183.655,220.19,99.985,100.075,69.324,68.428,1,100.035,48.066
2026-01-02T09:33:30+00:00,100.03,100.025,100.035,72.397,93.344,100.015,100.045,120.421,111.435,100.005,100.055,90.717,95.963,99.995,100.065,86.959,82.377,99.985,100.075,84.616,79.688,-1,100.025,21.66
2026-01-02T09:33:31+00:00,100.02,100.015,100.025,57.605,69.988,100.005,100.035,79.717,120.335,99.995,100.045,127.329,147.721,99.985,100.055,123.981,155.941,99.975,100.065,75.998,78.359,1,100.025,31.09
2026-01-02T09:33:32+00:00,100.02,100.015,100.025,86.275,79.011,100.005,100.035,67.946,65.636,99.995,100.045,63.043,91.28,99.985,100.055,42.772,40.068,99.975,100.065,106.526,86.983,1,100.025,15.307
2026-01-02T09:33:33+00:00,100.02,100.015,100.025,55.523,48.162,100.005,100.035,82.651,78.998,99.995,100.045,142.218,138.284,99.985,100.055,123.446,125.673,99.975,100.065,104.253,107.826,1,100.025,19.785
2026-01-02T09:33:34+00:00,100.03,100.02,100.04,60.198,84.63,100.01,100.05,63.464,80.275,100.0,100.06,71.78,66.583,99.99,100.07,66.119,116.573,99.98,100.08,59.115,102.678,-1,100.02,22.48
2026-01-02T09:33:35+00:00,100.03,100.025,100.035,85.503,144.104,100.015,100.045,40.691,67.128,100.005,100.055,59.073,84.725,99.995,100.065,96.935,164.167,99.985,100.075,64.997,99.422,-1,100.025,20.572
2026-01-02T09:33:36+00:00,100.03,100.025,100.035,42.434,70.775,100.015,100.045,49.22,67.397,100.005,100.055,70.721,92.347,99.995,100.065,77.781,119.793,99.985,100.075,43.982,65.392,1,100.035,15.249
2026-01-02T09:33:37+00:00,100.03,100.025,100.035,45.695,55.82,100.015,100.045,25.135,40.354,100.005,100.055,51.79,104.286,99.995,100.065,93.369,110.407,99.985,100.075,106.889,147.095,-1,100.025,6.713
2026-01-02T09:33:38+00:00,100.03,100.025,100.035,39.508,38.996,100.015,100.045,79.926,76.177,100.005,100.055,51.068,60.036,99.995,100.065,73.574,97.692,99.985,100.075,116.991,95.709,-1,100.025,15.95
2026-01-02T09:33:39+00:00,100.04,100.035,100.045,41.73,50.848,100.025,100.055,98.774,131.812,100.015,100.065,129.511,163.81,100.005,100.075,46.459,59.349,99.995,100.085,116.097,127.607,-1,100.035,7.23
2026-01-02T09:33:40+00:00,100.03,100.02,100.04,73.756,84.138,100.01,100.05,61.511,61.083,100.0,100.06,55.267,53.097,99.99,100.07,71.488,105.957,99.98,100.08,66.829,82.472,-1,100.02,16.506
2026-01-02T09:33:41+00:00,100.03,100.02,100.04,64.45,114.339,100.01,100.05,48.046,65.56,100.0,100.06,77.828,104.592,99.99,100.07,103.293,177.277,99.98,100.08,102.723,140.253,1,100.04,10.492
2026-01-02T09:33:42+00:00,100.03,100.025,100.035,68.005,102.333,100.015,100.045,65.352,99.336,100.005,100.055,84.802,107.248,99.995,100.065,96.558,123.402,99.985,100.075,89.545,84.03,1,100.035,13.789
2026-01-02T09:33:43+00:00,100.03,100.025,100.035,49.135,38.043,100.015,100.045,49.8,62.984,100.005,100.055,60.934,78.756,99.995,100.065,68.851,54.593,99.985,100.075,198.136,152.288,1,100.035,22.944
2026-01-02T09:33:44+00:00,100.03,100.025,100.035,50.379,55.244,100.015,100.045,94.818,92.3,100.005,100.055,41.794,48.731,99.995,100.065,91.033,101.042,99.985,100.075,68.733,71.508,1,100.035,36.137
2026-01-02T09:33:45+00:00,100.03,100.025,100.035,41.866,37.052,100.015,100.045,61.114,43.677,100.005,100.055,129.346,99.603,99.995,100.065,49.138,49.968,99.985,100.075,82.142,111.478,-1,100.025,10.48
2026-01-02T09:33:46+00:00,100.02,100.01,100.03,160.488,100.522,100.0,100.04,109.031,62.155,99.99,100.05,109.701,90.73,99.98,100.06,106.994,74.486,99.97,100.07,44.599,34.368,-1,100.01,10.034
2026-01-02T09:33:47+00:00,100.02,100.01,100.03,87.394,65.377,100.0,100.04,87.835,50.782,99.99,100.05,92.448,56.254,99.98,100.06,146.852,117.105,99.97,100.07,117.747,82.274,1,100.03,6.432
2026-01-02T09:33:48+00:00,100.02,100.015,100.025,75.162,65.136,100.005,100.035,106.428,88.335,99.995,100.045,175.845,117.064,99.985,100.055,107.303,88.226,99.975,100.065,116.143,76.4,1,100.025,8.784
2026-01-02T09:33:49+00:00,100.02,100.015,100.025,55.609,46.909,100.005,100.035,99.1,102.445,99.995,100.045,241.68,164.028,99.985,100.055,101.907,93.088,99.975,100.065,218.352,162.513,1,100.025,11.201
2026-01-02T09:33:50+00:00,100.02,100.01,100.03,41.072,48.875,100.0,100.04,34.051,43.591,99.99,100.05,66.803,85.779,99.98,100.06,85.436,76.31,99.97,100.07,93.035,101.615,1,100.03,18.057
2026-01-02T09:33:51+00:00,100.02,100.015,100.025,68.26,75.331,100.005,100.035,63.617,73.17,99.995,100.045,60.072,56.914,99.985,100.055,88.056,77.782,99.975,100.065,262.186,283.333,-1,100.015,45.562
2026-01-02T09:33:52+00:00,100.02,100.015,100.025,54.243,59.85,100.005,100.035,87.492,90.563,99.995,100.045,90.219,102.586,99.985,100.055,149.983,159.3,99.975,100.065,72.635,83.549,-1,100.015,7.205
2026-01-02T09:33:53+00:00,100.02,100.015,100.025,66.426,68.973,100.005,100.035,67.989,83.146,99.995,100.045,85.088,87.688,99.985,100.055,105.894,105.884,99.975,100.065,114.187,131.43,1,100.025,13.576
2026-01-02T09:33:54+00:00,100.02,100.01,100.03,52.248,53.694,100.0,100.04,64.085,76.281,99.99,100.05,66.816,85.833,99.98,100.06,29.524,42.701,99.97,100.07,82.652,119.928,1,100.03,9.192
2026-01-02T09:33:55+00:00,100.02,100.015,100.025,68.462,48.076,100.005,100.035,58.755,64.36,99.995,100.045,112.811,122.34,99.985,100.055,76.925,92.583,99.975,100.065,90.001,114.102,-1,100.015,8.359
2026-01-02T09:33:56+00:00,100.02,100.015,100.025,61.373,67.416,100.005,100.035,103.349,157.189,99.995,100.045,82.671,120.763,99.985,100.055,117.659,119.955,99.975,100.065,171.263,214.598,-1,100.015,29.455
2026-01-02T09:33:57+00:00,100.02,100.015,100.025,19.113,35.692,100.005,100.035,55.803,76.649,99.995,100.045,40.606,68.134,99.985,100.055,72.979,94.262,99.975,100.065,87.534,119.375,-1,100.015,16.553
2026-01-02T09:33:58+00:00,100.02,100.015,100.025,22.824,24.269,100.005,100.035,88.735,120.819,99.995,100.045,96.494,113.632,99.985,100.055,92.926,102.093,99.975,100.065,124.835,132.15,-1,100.015,11.792
2026-01-02T09:33:59+00:00,100.02,100.015,100.025,49.313,61.956,100.005,100.035,51.993,108.921,99.995,100.045,75.686,75.374,99.985,100.055,65.616,106.889,99.975,100.065,83.116,88.423,-1,100.015,14.367
2026-01-02T09:34:00+00:00,100.02,100.01,100.03,29.38,30.162,100.0,100.04,39.685,33.8,99.99,100.05,69.35,62.596,99.98,100.06,88.854,82.777,99.97,100.07,71.308,79.006,1,100.03,23.262
2026-01-02T09:34:01+00:00,100.02,100.015,100.025,71.693,50.648,100.005,100.035,74.494,60.208,99.995,100.045,60.102,69.486,99.985,100.055,56.325,63.311,99.975,100.065,104.831,131.049,1,100.025,13.696
2026-01-02T09:34:02+00:00,100.01,100.005,100.015,39.716,31.198,99.995,100.025,80.314,59.299,99.985,100.035,98.501,81.179,99.975,100.045,107.568,86.469,99.965,100.055,130.348,107.647,-1,100.005,14.961
2026-01-02T09:34:03+00:00,100.01,100.005,100.015,48.177,31.533,99.995,100.025,92.852,65.797,99.985,100.035,106.109,57.214,99.975,100.045,116.402,77.837,99.965,100.055,292.144,181.507,1,100.015,12.402
2026-01-02T09:34:04+00:00,100.01,100.005,100.015,74.368,66.939,99.995,100.025,73.445,61.461,99.985,100.035,122.609,71.687,99.975,100.045,149.838,85.613,99.965,100.055,88.609,61.166,1,100.015,37.436
2026-01-02T09:34:05+00:00,100.01,100.005,100.015,149.23,80.883,99.995,100.025,75.828,36.426,99.985,100.035,117.197,83.173,99.975,100.045,95.387,54.435,99.965,100.055,154.158,87.849,1,100.015,16.217
2026-01-02T09:34:06+00:00,100.01,100.005,100.015,63.612,50.931,99.995,100.025,188.007,81.137,99.985,100.035,117.574,68.049,99.975,100.045,152.376,78.375,99.965,100.055,109.117,57.538,-1,100.005,13.696
2026-01-02T09:34:07+00:00,100.01,100.005,100.015,81.145,59.823,99.995,100.025,78.26,46.049,99.985,100.035,142.948,93.543,99.975,100.045,104.562,90.314,99.965,100.055,87.247,48.679,1,100.015,12.528
2026-01-02T09:34:08+00:00,100.01,100.0,100.02,63.548,38.32,99.99,100.03,131.887,79.7,99.98,100.04,100.09,57.037,99.97,100.05,102.387,61.882,99.96,100.06,121.559,63.723,-1,100.0,10.502
2026-01-02T09:34:09+00:00,100.02,100.015,100.025,150.199,72.713,100.005,100.035,66.432,32.512,99.995,100.045,133.374,88.646,99.985,100.055,94.807,54.214,99.975,100.065,56.342,29.742,1,100.025,5.827
2026-01-02T09:34:10+00:00,100.03,100.025,100.035,99.758,63.464,100.015,100.045,62.833,32.765,100.005,100.055,102.029,57.68,99.995,100.065,53.774,40.058,99.985,100.075,165.96,92.103,-1,100.025,20.709
2026-01-02T09:34:11+00:00,100.04,100.035,100.045,81.245,40.247,100.025,100.055,100.755,44.45,100.015,100.065,129.173,71.075,100.005,100.075,118.352,44.168,99.995,100.085,171.323,108.072,1,100.045,16.009
2026-01-02T09:34:12+00:00,100.04,100.035,100.045,93.607,39.791,100.025,100.055,124.253,53.116,100.015,100.065,95.129,40.559,100.005,100.075,192.361,64.825,99.995,100.085,95.251,63.975,-1,100.035,21.411
2026-01-02T09:34:13+00:00,100.04,100.035,100.045,87.313,52.757,100.025,100.055,62.618,33.19,100.015,100.065,211.999,95.881,100.005,100.075,113.289,72.429,99.995,100.085,116.973,67.632,1,100.045,14.451
2026-01-02T09:34:14+00:00,100.05,100.045,100.055,104.751,53.356,100.035,100.065,120.936,54.074,100.025,100.075,96.534,49.647,100.015,100.085,210.412,126.801,100.005,100.095,148.691,71.24,-1,100.045,16.563
2026-01-02T09:34:15+00:00,100.05,100.045,100.055,91.83,54.587,100.035,100.065,100.427,49.004,100.025,100.075,97.056,46.945,100.015,100.085,140.835,71.598,100.005,100.095,106.384,101.879,1,100.055,16.872
2026-01-02T09:34:16+00:00,100.05,100.045,100.055,69.001,34.744,100.035,100.065,46.139,22.39,100.025,100.075,185.035,93.585,100.015,100.085,75.421,47.753,100.005,100.095,241.344,116.018,-1,100.045,12.967
2026-01-02T09:34:17+00:00,100.05,100.045,100.055,179.378,83.789,100.035,100.065,64.876,47.376,100.025,100.075,139.965,58.411,100.015,100.085,129.761,81.978,100.005,100.095,113.272,88.489,1,100.055,19.691
2026-01-02T09:34:18+00:00,100.05,100.045,100.055,68.675,47.313,100.035,100.065,85.857,50.592,100.025,100.075,64.892,39.487,100.015,100.085,88.643,60.323,100.005,100.095,94.714,74.854,-1,100.045,12.156
2026-01-02T09:34:19+00:00,100.05,100.045,100.055,66.306,45.089,100.035,100.065,117.568,58.586,100.025,100.075,160.847,122.306,100.015,100.085,125.799,85.422,100.005,100.095,132.615,107.86,1,100.055,12.209
2026-01-02T09:34:20+00:00,100.05,100.045,100.055,63.715,30.771,100.035,100.065,98.93,45.127,100.025,100.075,154.767,87.413,100.015,100.085,187.307,79.134,100.005,100.095,134.582,81.161,-1,100.045,42.108
2026-01-02T09:34:21+00:00,100.06,100.05,100.07,47.361,28.412,100.04,100.08,131.031,60.856,100.03,100.09,119.206,64.602,100.02,100.1,60.355,40.909,100.01,100.11,121.125,60.761,1,100.07,22.752
2026-01-02T09:34:22+00:00,100.07,100.065,100.075,90.014,32.226,100.055,100.085,95.923,65.684,100.045,100.095,125.184,58.197,100.035,100.105,105.512,63.624,100.025,100.115,141.693,89.565,1,100.075,17.398
2026-01-02T09:34:23+00:00,100.07,100.065,100.075,109.888,46.407,100.055,100.085,85.388,42.488,100.045,100.095,230.544,91.629,100.035,100.105,134.128,60.333,100.025,100.115,89.459,52.168,1,100.075,16.207
2026-01-02T09:34:24+00:00,100.07,100.06,100.08,47.355,22.971,100.05,100.09,56.302,25.331,100.04,100.1,140.444,67.746,100.03,100.11,104.709,48.358,100.02,100.12,169.892,77.271,1,100.08,30.155
2026-01-02T09:34:25+00:00,100.08,100.075,100.085,123.09,65.505,100.065,100.095,78.51,52.64,100.055,100.105,76.075,55.362,100.045,100.115,144.291,71.905,100.035,100.125,168.744,72.088,1,100.085,26.508
2026-01-02T09:34:26+00:00,100.08,100.07,100.09,66.602,51.496,100.06,100.1,155.623,119.987,100.05,100.11,176.441,167.808,100.04,100.12,135.737,85.883,100.03,100.13,133.121,89.15,1,100.09,26.938
2026-01-02T09:34:27+00:00,100.08,100.075,100.085,63.98,54.461,100.065,100.095,117.428,86.087,100.055,100.105,131.536,92.131,100.045,100.115,69.436,46.999,100.035,100.125,133.233,67.937,1,100.085,11.571
2026-01-02T09:34:28+00:00,100.08,100.07,100.09,91.09,54.601,100.06,100.1,113.242,109.466,100.05,100.11,58.434,51.24,100.04,100.12,122.685,127.027,100.03,100.13,83.399,73.486,-1,100.07,12.253
2026-01-02T09:34:29+00:00,100.08,100.075,100.085,100.033,64.094,100.065,100.095,63.461,36.388,100.055,100.105,90.23,73.256,100.045,100.115,80.762,65.788,100.035,100.125,219.138,103.051,1,100.085,9.047
2026-01-02T09:34:30+00:00,100.08,100.075,100.085,62.724,42.775,100.065,100.095,104.553,57.979,100.055,100.105,128.226,96.432,100.045,100.115,74.333,58.325,100.035,100.125,197.161,122.735,-1,100.075,43.24
2026-01-02T09:34:31+00:00,100.08,100.075,100.085,44.982,32.506,100.065,100.095,118.86,85.186,100.055,100.105,65.091,46.006,100.045,100.115,136.332,115.433,100.035,100.125,147.545,99.557,-1,100.075,21.339
2026-01-02T09:34:32+00:00,100.07,100.065,100.075,94.41,63.599,100.055,100.085,93.443,84.175,100.045,100.095,159.761,134.548,100.035,100.105,175.745,143.285,100.025,100.115,86.264,56.545,1,100.075,12.188
2026-01-02T09:34:33+00:00,100.07,100.065,100.075,96.023,60.272,100.055,100.085,54.696,47.052,100.045,100.095,75.537,50.178,100.035,100.105,78.154,69.376,100.025,100.115,143.535,102.83,-1,100.065,33.697
2026-01-02T09:34:34+00:00,100.08,100.075,100.085,77.885,71.0,100.065,100.095,58.17,56.819,100.055,100.105,71.73,62.357,100.045,100.115,62.853,59.936,100.035,100.125,96.978,87.686,-1,100.075,16.056
2026-01-02T09:34:35+00:00,100.08,100.07,100.09,37.166,49.218,100.06,100.1,51.419,50.225,100.05,100.11,90.707,98.711,100.04,100.12,205.339,178.631,100.03,100.13,105.759,123.46,1,100.09,22.383
2026-01-02T09:34:36+00:00,100.08,100.07,100.09,71.174,65.794,100.06,100.1,55.965,65.275,100.05,100.11,80.722,90.672,100.04,100.12,127.18,98.422,100.03,100.13,99.663,113.542,-1,100.07,6.958
2026-01-02T09:34:37+00:00,100.08,100.07,100.09,70.708,63.397,100.06,100.1,111.655,105.972,100.05,100.11,125.026,124.496,100.04,100.12,95.413,105.143,100.03,100.13,89.615,95.386,-1,100.07,27.497
2026-01-02T09:34:38+00:00,100.08,100.075,100.085,58.274,57.688,100.065,100.095,86.012,72.389,100.055,100.105,115.02,95.433,100.045,100.115,64.274,58.589,100.035,100.125,126.467,117.153,1,100.085,11.294
2026-01-02T09:34:39+00:00,100.08,100.075,100.085,71.077,50.691,100.065,100.095,137.012,72.568,100.055,100.105,100.021,81.081,100.045,100.115,173.694,68.594,100.035,100.125,192.245,84.349,1,100.085,3.58
2026-01-02T09:34:40+00:00,100.08,100.075,100.085,103.662,59.231,100.065,100.095,104.358,55.07,100.055,100.105,159.45,92.949,100.045,100.115,49.902,33.956,100.035,100.125,75.954,49.738,-1,100.075,25.215
2026-01-02T09:34:41+00:00,100.08,100.075,100.085,40.097,24.961,100.065,100.095,101.92,59.936,100.055,100.105,99.42,64.748,100.045,100.115,118.303,66.557,100.035,100.125,112.014,58.821,1,100.085,16.702
2026-01-02T09:34:42+00:00,100.07,100.065,100.075,90.011,62.466,100.055,100.085,94.281,46.237,100.045,100.095,67.721,39.928,100.035,100.105,223.214,131.132,100.025,100.115,116.995,58.153,-1,100.065,36.252
2026-01-02T09:34:43+00:00,100.07,100.065,100.075,64.371,33.662,100.055,100.085,95.864,54.455,100.045,100.095,93.134,65.404,100.035,100.105,171.924,101.018,100.025,100.115,110.483,41.467,-1,100.065,67.605
2026-01-02T09:34:44+00:00,100.08,100.075,100.085,106.026,79.864,100.065,100.095,107.611,123.119,100.055,100.105,101.089,62.952,100.045,100.115,101.026,58.703,100.035,100.125,57.488,52.838,-1,100.075,13.669
2026-01-02T09:34:45+00:00,100.08,100.075,100.085,38.88,40.054,100.065,100.095,110.435,119.922,100.055,100.105,106.272,82.891,100.045,100.115,50.435,58.407,100.035,100.125,118.399,140.211,-1,100.075,10.178
2026-01-02T09:34:46+00:00,100.08,100.075,100.085,46.377,95.18,100.065,100.095,81.738,112.939,100.055,100.105,75.079,71.147,100.045,100.115,158.264,166.562,100.035,100.125,164.322,155.345,-1,100.075,66.431
2026-01-02T09:34:47+00:00,100.08,100.075,100.085,92.845,92.594,100.065,100.095,39.228,40.777,100.055,100.105,103.737,85.856,100.045,100.115,64.981,80.255,100.035,100.125,154.509,140.128,-1,100.075,9.523
2026-01-02T09:34:48+00:00,100.08,100.075,100.085,65.231,67.409,100.065,100.095,56.219,64.794,100.055,100.105,123.032,109.401,100.045,100.115,70.808,60.401,100.035,100.125,98.628,74.5,1,100.085,26.732
2026-01-02T09:34:49+00:00,100.09,100.085,100.095,85.182,61.949,100.075,100.105,53.86,40.967,100.065,100.115,53.187,44.575,100.055,100.125,230.108,179.341,100.045,100.135,82.493,65.392,1,100.095,14.936
2026-01-02T09:34:50+00:00,100.09,100.085,100.095,50.034,61.591,100.075,100.105,63.443,74.855,100.065,100.115,139.183,159.145,100.055,100.125,153.386,158.647,100.045,100.135,156.304,165.233,-1,100.085,10.352
2026-01-02T09:34:51+00:00,100.09,100.085,100.095,100.82,113.771,100.075,100.105,90.211,123.877,100.065,100.115,52.436,70.653,100.055,100.125,143.284,197.644,100.045,100.135,138.0,120.254,-1,100.085,8.136
2026-01-02T09:34:52+00:00,100.09,100.08,100.1,115.038,107.128,100.07,100.11,67.104,62.62,100.06,100.12,135.065,109.444,100.05,100.13,207.449,169.178,100.04,100.14,173.53,167.895,-1,100.08,16.679
2026-01-02T09:34:53+00:00,100.09,100.085,100.095,78.591,72.419,100.075,100.105,65.847,65.998,100.065,100.115,145.825,146.068,100.055,100.125,78.181,81.746,100.045,100.135,185.259,187.327,1,100.095,21.986
2026-01-02T09:34:54+00:00,100.09,100.085,100.095,74.264,68.322,100.075,100.105,186.963,106.861,100.065,100.115,51.467,52.134,100.055,100.125,141.513,123.038,100.045,100.135,119.103,114.91,-1,100.085,6.88
2026-01-02T09:34:55+00:00,100.09,100.085,100.095,70.2,58.003,100.075,100.105,46.316,33.977,100.065,100.115,95.585,145.947,100.055,100.125,75.319,108.21,100.045,100.135,50.655,41.59,-1,100.085,14.677
2026-01-02T09:34:56+00:00,100.09,100.085,100.095,44.161,38.67,100.075,100.105,54.257,47.445,100.065,100.115,176.007,147.451,100.055,100.125,89.598,113.213,100.045,100.135,118.753,121.172,1,100.095,33.701
2026-01-02T09:34:57+00:00,100.1,100.095,100.105,35.558,49.036,100.085,100.115,72.87,52.364,100.075,100.125,96.516,97.792,100.065,100.135,91.484,79.228,100.055,100.145,141.472,139.324,1,100.105,7.327
2026-01-02T09:34:58+00:00,100.09,100.085,100.095,67.805,75.885,100.075,100.105,62.746,96.093,100.065,100.115,50.634,58.857,100.055,100.125,88.193,117.15,100.045,100.135,134.422,120.751,-1,100.085,28.912
2026-01-02T09:34:59+00:00,100.09,100.08,100.1,44.053,67.643,100.07,100.11,67.526,107.148,100.06,100.12,70.227,107.023,100.05,100.13,41.632,61.751,100.04,100.14,154.259,180.757,-1,100.08,13.921
2026-01-02T09:35:00+00:00,100.09,100.08,100.1,119.325,115.973,100.07,100.11,48.578,49.81,100.06,100.12,98.325,131.289,100.05,100.13,76.496,90.235,100.04,100.14,83.406,73.614,-1,100.08,23.142
2026-01-02T09:35:01+00:00,100.09,100.085,100.095,67.003,55.177,100.075,100.105,56.237,58.63,100.065,100.115,150.205,155.597,100.055,100.125,103.629,106.062,100.045,100.135,61.988,80.053,1,100.095,17.18
2026-01-02T09:35:02+00:00,100.09,100.085,100.095,84.061,135.766,100.075,100.105,29.764,37.362,100.065,100.115,39.933,77.335,100.055,100.125,118.229,131.087,100.045,100.135,76.749,128.769,-1,100.085,21.231
2026-01-02T09:35:03+00:00,100.09,100.075,100.105,78.7,93.547,100.065,100.115,48.855,79.171,100.055,100.125,84.9,99.04,100.045,100.135,220.801,212.854,100.035,100.145,83.108,106.679,-1,100.075,20.933
2026-01-02T09:35:04+00:00,100.08,100.075,100.085,71.822,60.142,100.065,100.095,100.167,94.286,100.055,100.105,58.609,53.418,100.045,100.115,143.975,137.01,100.035,100.125,126.009,89.571,-1,100.075,16.26
2026-01-02T09:35:05+00:00,100.08,100.07,100.09,117.861,112.875,100.06,100.1,131.832,166.696,100.05,100.11,63.929,70.338,100.04,100.12,52.317,46.57,100.03,100.13,65.328,82.4,-1,100.07,52.017
2026-01-02T09:35:06+00:00,100.07,100.055,100.085,53.117,82.838,100.045,100.095,62.733,79.052,100.035,100.105,62.361,122.029,100.025,100.115,179.997,176.17,100.015,100.125,66.779,135.666,-1,100.055,10.78
2026-01-02T09:35:07+00:00,100.07,100.06,100.08,59.881,58.86,100.05,100.09,61.723,63.089,100.04,100.1,76.71,128.39,100.03,100.11,71.834,111.584,100.02,100.12,55.111,73.582,-1,100.06,26.223
2026-01-02T09:35:08+00:00,100.07,100.065,100.075,45.449,65.037,100.055,100.085,51.354,59.982,100.045,100.095,60.85,106.622,100.035,100.105,74.21,74.077,100.025,100.115,88.333,104.659,1,100.075,24.994
2026-01-02T09:35:09+00:00,100.07,100.065,100.075,70.127,113.244,100.055,100.085,59.254,80.497,100.045,100.095,72.598,93.213,100.035,100.105,103.818,137.667,100.025,100.115,103.237,114.33,-1,100.065,15.088
2026-01-02T09:35:10+00:00,100.06,100.05,100.07,54.047,59.092,100.04,100.08,64.35,84.168,100.03,100.09,101.312,133.042,100.02,100.1,155.739,184.315,100.01,100.11,131.802,137.19,1,100.07,27.374
2026-01-02T09:35:11+00:00,100.06,100.055,100.065,34.801,57.68,100.045,100.075,49.707,79.089,100.035,100.085,49.028,78.033,100.025,100.095,72.486,113.63,100.015,100.105,46.133,91.813,-1,100.055,15.402
2026-01-02T09:35:12+00:00,100.06,100.055,100.065,29.551,47.206,100.045,100.075,69.765,104.051,100.035,100.085,56.419,54.464,100.025,100.095,76.974,100.304,100.015,100.105,152.537,176.843,-1,100.055,5.874
2026-01-02T09:35:13+00:00,100.06,100.055,100.065,51.345,57.733,100.045,100.075,48.199,91.433,100.035,100.085,109.225,191.544,100.025,100.095,96.622,182.047,100.015,100.105,126.746,198.474,1,100.065,48.021
2026-01-02T09:35:14+00:00,100.06,100.05,100.07,60.978,100.161,100.04,100.08,58.832,92.812,100.03,100.09,157.916,218.407,100.02,100.1,110.895,183.922,100.01,100.11,87.529,104.552,-1,100.05,5.992
2026-01-02T09:35:15+00:00,100.06,100.055,100.065,53.974,65.574,100.045,100.075,71.168,90.92,100.035,100.085,112.187,136.463,100.025,100.095,100.747,137.57,100.015,100.105,88.359,83.935,1,100.065,14.822
2026-01-02T09:35:16+00:00,100.06,100.055,100.065,51.789,63.17,100.045,100.075,64.247,66.814,100.035,100.085,86.851,69.719,100.025,100.095,79.041,78.082,100.015,100.105,187.895,223.909,-1,100.055,17.793
2026-01-02T09:35:17+00:00,100.06,100.055,100.065,48.566,66.094,100.045,100.075,66.473,117.617,100.035,100.085,162.265,163.862,100.025,100.095,67.644,92.197,100.015,100.105,56.143,77.411,1,100.065,14.307
2026-01-02T09:35:18+00:00,100.05,100.045,100.055,74.916,97.659,100.035,100.065,42.282,55.362,100.025,100.075,65.224,67.998,100.015,100.085,86.719,82.088,100.005,100.095,66.672,66.235,-1,100.045,34.75
2026-01-02T09:35:19+00:00,100.05,100.045,100.055,62.62,48.897,100.035,100.065,72.401,101.158,100.025,100.075,92.943,143.644,100.015,100.085,71.45,94.769,100.005,100.095,108.251,108.958,1,100.055,26.987
2026-01-02T09:35:20+00:00,100.05,100.045,100.055,81.134,87.689,100.035,100.065,73.518,85.562,100.025,100.075,146.497,131.983,100.015,100.085,171.754,154.006,100.005,100.095,99.824,90.931,1,100.055,17.654
2026-01-02T09:35:21+00:00,100.05,100.045,100.055,114.345,89.324,100.035,100.065,99.955,77.452,100.025,100.075,111.574,135.771,100.015,100.085,173.434,148.852,100.005,100.095,102.085,84.788,1,100.055,16.019
2026-01-02T09:35:22+00:00,100.06,100.05,100.07,42.892,70.461,100.04,100.08,75.018,102.032,100.03,100.09,66.299,84.992,100.02,100.1,109.2,129.116,100.01,100.11,91.164,90.949,1,100.07,26.506
2026-01-02T09:35:23+00:00,100.06,100.055,100.065,132.672,120.301,100.045,100.075,80.867,77.944,100.035,100.085,74.378,97.69,100.025,100.095,64.599,85.404,100.015,100.105,73.089,89.609,1,100.065,10.119
2026-01-02T09:35:24+00:00,100.06,100.055,100.065,89.775,90.046,100.045,100.075,87.338,90.634,100.035,100.085,107.182,73.636,100.025,100.095,79.818,100.826,100.015,100.105,142.521,213.041,1,100.065,8.779
2026-01-02T09:35:25+00:00,100.06,100.055,100.065,81.671,92.984,100.045,100.075,60.785,66.235,100.035,100.085,99.611,135.819,100.025,100.095,79.069,95.046,100.015,100.105,88.313,104.827,1,100.065,14.441
2026-01-02T09:35:26+00:00,100.06,100.05,100.07,35.035,36.275,100.04,100.08,111.153,137.645,100.03,100.09,53.234,55.393,100.02,100.1,80.225,95.332,100.01,100.11,62.557,75.657,1,100.07,6.247
2026-01-02T09:35:27+00:00,100.06,100.055,100.065,45.478,68.192,100.045,100.075,54.761,92.102,100.035,100.085,69.361,109.527,100.025,100.095,106.686,138.759,100.015,100.105,117.618,172.861,1,100.065,15.196
2026-01-02T09:35:28+00:00,100.06,100.05,100.07,47.355,72.77,100.04,100.08,60.715,113.285,100.03,100.09,67.685,94.113,100.02,100.1,27.627,50.459,100.01,100.11,99.422,140.771,-1,100.05,16.154
2026-01-02T09:35:29+00:00,100.06,100.05,100.07,45.389,52.703,100.04,100.08,49.682,70.325,100.03,100.09,62.502,80.916,100.02,100.1,86.954,112.898,100.01,100.11,58.414,74.372,-1,100.05,18.344
2026-01-02T09:35:30+00:00,100.06,100.05,100.07,51.414,54.83,100.04,100.08,56.964,58.397,100.03,100.09,72.302,75.109,100.02,100.1,109.168,118.029,100.01,100.11,71.655,90.708,-1,100.05,14.606
2026-01-02T09:35:31+00:00,100.06,100.05,100.07,106.487,135.268,100.04,100.08,58.301,53.163,100.03,100.09,111.97,94.501,100.02,100.1,97.829,74.112,100.01,100.11,79.583,53.88,1,100.07,62.748
2026-01-02T09:35:32+00:00,100.06,100.045,100.075,64.295,64.778,100.035,100.085,62.733,52.238,100.025,100.095,96.734,130.698,100.015,100.105,166.895,179.685,100.005,100.115,74.986,64.978,1,100.075,14.025
2026-01-02T09:35:33+00:00,100.06,100.055,100.065,58.415,43.05,100.045,100.075,107.56,129.271,100.035,100.085,66.231,80.846,100.025,100.095,172.151,151.248,100.015,100.105,97.531,101.193,-1,100.055,12.927
2026-01-02T09:35:34+00:00,100.06,100.055,100.065,119.226,97.9,100.045,100.075,48.849,35.277,100.035,100.085,117.268,151.051,100.025,100.095,59.052,52.666,100.015,100.105,78.821,100.566,-1,100.055,43.896
2026-01-02T09:35:35+00:00,100.06,100.055,100.065,52.185,33.735,100.045,100.075,138.311,114.433,100.035,100.085,88.699,69.27,100.025,100.095,97.839,74.921,100.015,100.105,93.021,72.753,-1,100.055,12.812
2026-01-02T09:35:36+00:00,100.06,100.05,100.07,79.399,83.581,100.04,100.08,109.017,109.825,100.03,100.09,151.278,195.956,100.02,100.1,61.69,77.425,100.01,100.11,99.704,93.186,-1,100.05,10.766
2026-01-02T09:35:37+00:00,100.06,100.045,100.075,90.404,82.693,100.035,100.085,114.242,109.417,100.025,100.095,42.333,40.209,100.015,100.105,81.679,74.738,100.005,100.115,104.819,120.592,-1,100.045,13.576
2026-01-02T09:35:38+00:00,100.06,100.055,100.065,62.381,52.607,100.045,100.075,99.031,84.02,100.035,100.085,111.225,129.855,100.025,100.095,87.348,76.934,100.015,100.105,94.34,107.34,1,100.065,12.218
2026-01-02T09:35:39+00:00,100.06,100.05,100.07,54.561,79.549,100.04,100.08,109.199,118.624,100.03,100.09,32.461,41.015,100.02,100.1,58.627,60.29,100.01,100.11,124.501,146.023,1,100.07,19.908
2026-01-02T09:35:40+00:00,100.06,100.055,100.065,100.711,128.024,100.045,100.075,67.425,80.014,100.035,100.085,53.575,53.999,100.025,100.095,160.965,184.2,100.015,100.105,86.092,101.105,1,100.065,9.451
2026-01-02T09:35:41+00:00,100.07,100.065,100.075,55.425,37.049,100.055,100.085,78.848,55.32,100.045,100.095,82.253,88.852,100.035,100.105,115.982,78.561,100.025,100.115,95.685,96.674,1,100.075,12.585
2026-01-02T09:35:42+00:00,100.07,100.06,100.08,71.552,50.193,100.05,100.09,77.085,60.135,100.04,100.1,65.651,59.997,100.03,100.11,70.202,50.24,100.02,100.12,155.311,114.523,1,100.08,13.359
2026-01-02T09:35:43+00:00,100.07,100.065,100.075,52.626,40.756,100.055,100.085,77.812,93.788,100.045,100.095,60.106,59.919,100.035,100.105,218.818,188.047,100.025,100.115,168.969,107.0,-1,100.065,14.436
2026-01-02T09:35:44+00:00,100.07,100.065,100.075,82.553,101.251,100.055,100.085,100.562,95.044,100.045,100.095,50.695,50.403,100.035,100.105,82.471,113.938,100.025,100.115,107.389,132.169,-1,100.065,11.032
2026-01-02T09:35:45+00:00,100.07,100.065,100.075,35.277,48.128,100.055,100.085,78.543,102.147,100.045,100.095,163.073,201.169,100.035,100.105,138.435,161.174,100.025,100.115,144.529,148.303,1,100.075,13.656
2026-01-02T09:35:46+00:00,100.07,100.065,100.075,35.619,28.587,100.055,100.085,101.192,89.249,100.045,100.095,115.42,181.015,100.035,100.105,136.896,160.522,100.025,100.115,67.88,84.689,-1,100.065,22.382
2026-01-02T09:35:47+00:00,100.07,100.06,100.08,105.09,98.006,100.05,100.09,44.943,49.455,100.04,100.1,66.034,51.341,100.03,100.11,61.509,62.78,100.02,100.12,99.291,98.909,-1,100.06,13.866
2026-01-02T09:35:48+00:00,100.08,100.065,100.095,41.427,48.183,100.055,100.105,59.517,49.329,100.045,100.115,45.623,50.861,100.035,100.125,51.591,57.843,100.025,100.135,88.879,88.178,-1,100.065,21.51
2026-01-02T09:35:49+00:00,100.07,100.065,100.075,51.2,57.658,100.055,100.085,126.133,135.899,100.045,100.095,73.234,82.852,100.035,100.105,148.08,171.657,100.025,100.115,69.356,105.366,1,100.075,30.084
2026-01-02T09:35:50+00:00,100.07,100.065,100.075,105.792,137.932,100.055,100.085,87.41,100.853,100.045,100.095,111.669,157.887,100.035,100.105,127.312,136.502,100.025,100.115,70.712,58.773,1,100.075,16.689
2026-01-02T09:35:51+00:00,100.07,100.065,100.075,69.231,62.629,100.055,100.085,75.877,101.004,100.045,100.095,96.686,109.574,100.035,100.105,82.16,97.63,100.025,100.115,51.675,47.981,1,100.075,19.788
2026-01-02T09:35:52+00:00,100.06,100.05,100.07,89.371,72.363,100.04,100.08,70.538,55.265,100.03,100.09,51.781,60.984,100.02,100.1,87.188,84.671,100.01,100.11,71.819,61.6,-1,100.05,32.51
2026-01-02T09:35:53+00:00,100.06,100.055,100.065,55.032,66.615,100.045,100.075,82.931,93.67,100.035,100.085,63.965,73.981,100.025,100.095,78.263,104.575,100.015,100.105,90.687,112.827,1,100.065,22.966
2026-01-02T09:35:54+00:00,100.06,100.055,100.065,62.383,62.866,100.045,100.075,48.492,56.036,100.035,100.085,80.767,87.147,100.025,100.095,73.71,116.735,100.015,100.105,71.049,126.755,-1,100.055,7.698
2026-01-02T09:35:55+00:00,100.07,100.065,100.075,66.622,58.661,100.055,100.085,106.993,96.073,100.045,100.095,118.575,104.01,100.035,100.105,188.615,174.331,100.025,100.115,115.033,97.171,1,100.075,18.572
2026-01-02T09:35:56+00:00,100.07,100.06,100.08,84.334,87.627,100.05,100.09,55.258,48.324,100.04,100.1,74.42,80.644,100.03,100.11,175.528,172.885,100.02,100.12,102.864,106.25,1,100.08,19.805
2026-01-02T09:35:57+00:00,100.07,100.06,100.08,64.999,92.327,100.05,100.09,46.078,56.093,100.04,100.1,60.065,57.324,100.03,100.11,78.394,76.255,100.02,100.12,78.325,118.358,1,100.08,24.691
2026-01-02T09:35:58+00:00,100.07,100.06,100.08,53.271,56.253,100.05,100.09,55.365,59.778,100.04,100.1,55.489,58.118,100.03,100.11,54.041,60.163,100.02,100.12,85.751,87.716,-1,100.06,17.609
2026-01-02T09:35:59+00:00,100.07,100.065,100.075,53.509,61.463,100.055,100.085,50.965,44.008,100.045,100.095,107.2,130.746,100.035,100.105,58.845,68.882,100.025,100.115,184.126,156.183,1,100.075,14.023
2026-01-02T09:36:00+00:00,100.07,100.065,100.075,27.173,29.075,100.055,100.085,53.31,49.936,100.045,100.095,67.054,62.925,100.035,100.105,71.576,64.859,100.025,100.115,122.024,80.966,1,100.075,9.275
2026-01-02T09:36:01+00:00,100.07,100.065,100.075,61.77,55.378,100.055,100.085,69.384,73.411,100.045,100.095,109.591,101.118,100.035,100.105,64.113,48.923,100.025,100.115,116.159,79.2,1,100.075,30.998
2026-01-02T09:36:02+00:00,100.07,100.055,100.085,50.6,72.205,100.045,100.095,73.671,63.115,100.035,100.105,139.053,112.454,100.025,100.115,87.545,83.556,100.015,100.125,105.019,116.118,-1,100.055,17.102
2026-01-02T09:36:03+00:00,100.07,100.06,100.08,57.717,60.689,100.05,100.09,62.653,78.667,100.04,100.1,65.535,97.351,100.03,100.11,91.793,93.489,100.02,100.12,85.091,106.343,1,100.08,14.118
2026-01-02T09:36:04+00:00,100.07,100.06,100.08,73.66,122.829,100.05,100.09,65.582,101.116,100.04,100.1,92.847,205.526,100.03,100.11,79.476,101.797,100.02,100.12,149.357,178.23,1,100.08,9.317
2026-01-02T09:36:05+00:00,100.07,100.06,100.08,47.747,67.55,100.05,100.09,74.667,156.87,100.04,100.1,83.834,132.735,100.03,100.11,32.459,62.415,100.02,100.12,52.09,92.623,-1,100.06,23.791
2026-01-02T09:36:06+00:00,100.07,100.065,100.075,64.096,127.523,100.055,100.085,45.428,99.09,100.045,100.095,76.053,147.713,100.035,100.105,36.198,76.943,100.025,100.115,48.667,86.626,-1,100.065,14.281
2026-01-02T09:36:07+00:00,100.06,100.05,100.07,60.927,130.135,100.04,100.08,45.441,102.486,100.03,100.09,37.566,67.06,100.02,100.1,61.942,140.468,100.01,100.11,95.745,150.96,-1,100.05,18.197
2026-01-02T09:36:08+00:00,100.06,100.055,100.065,121.343,155.181,100.045,100.075,34.118,76.03,100.035,100.085,76.814,125.765,100.025,100.095,80.862,132.198,100.015,100.105,69.066,113.317,-1,100.055,18.502
2026-01-02T09:36:09+00:00,100.06,100.05,100.07,44.416,88.043,100.04,100.08,50.309,91.426,100.03,100.09,60.419,95.972,100.02,100.1,83.24,113.138,100.01,100.11,117.099,165.968,1,100.07,10.238
2026-01-02T09:36:10+00:00,100.05,100.045,100.055,70.439,131.316,100.035,100.065,80.918,100.545,100.025,100.075,48.15,60.051,100.015,100.085,66.344,125.096,100.005,100.095,60.203,106.394,1,100.055,15.107
2026-01-02T09:36:11+00:00,100.05,100.04,100.06,32.965,41.676,100.03,100.07,82.384,124.476,100.02,100.08,77.855,96.518,100.01,100.09,73.612,95.974,100.0,100.1,63.232,65.117,-1,100.04,27.898
2026-01-02T09:36:12+00:00,100.05,100.035,100.065,47.862,69.268,100.025,100.075,81.284,116.478,100.015,100.085,43.409,54.502,100.005,100.095,36.936,71.871,99.995,100.105,80.558,105.149,-1,100.035,27.519
2026-01-02T09:36:13+00:00,100.05,100.045,100.055,36.975,62.116,100.035,100.065,25.269,47.917,100.025,100.075,50.539,73.282,100.015,100.085,73.273,152.027,100.005,100.095,75.909,127.426,1,100.055,7.195
2026-01-02T09:36:14+00:00,100.05,100.045,100.055,42.047,123.929,100.035,100.065,40.126,94.826,100.025,100.075,85.766,190.654,100.015,100.085,41.629,84.121,100.005,100.095,105.961,175.43,1,100.055,14.765
2026-01-02T09:36:15+00:00,100.04,100.035,100.045,28.611,58.535,100.025,100.055,44.141,101.91,100.015,100.065,58.749,131.398,100.005,100.075,75.645,168.391,99.995,100.085,68.585,128.788,-1,100.035,20.649
2026-01-02T09:36:16+00:00,100.04,100.035,100.045,26.577,70.459,100.025,100.055,54.906,121.322,100.015,100.065,22.515,46.92,100.005,100.075,63.899,150.518,99.995,100.085,58.892,166.99,-1,100.035,29.876
2026-01-02T09:36:17+00:00,100.05,100.045,100.055,37.153,66.721,100.035,100.065,39.44,60.998,100.025,100.075,77.504,159.774,100.015,100.085,49.471,126.967,100.005,100.095,43.389,111.805,-1,100.045,7.278
2026-01-02T09:36:18+00:00,100.05,100.045,100.055,53.389,93.768,100.035,100.065,90.684,178.169,100.025,100.075,56.645,91.402,100.015,100.085,34.884,87.857,100.005,100.095,89.118,214.518,-1,100.045,14.202
2026-01-02T09:36:19+00:00,100.05,100.045,100.055,44.492,68.755,100.035,100.065,44.987,103.628,100.025,100.075,29.37,56.976,100.015,100.085,86.525,211.852,100.005,100.095,83.163,176.528,-1,100.045,26.382
2026-01-02T09:36:20+00:00,100.05,100.045,100.055,46.124,153.364,100.035,100.065,35.417,67.044,100.025,100.075,31.869,68.608,100.015,100.085,68.452,138.575,100.005,100.095,57.598,127.67,-1,100.045,26.999
2026-01-02T09:36:21+00:00,100.05,100.045,100.055,55.428,114.603,100.035,100.065,80.439,141.078,100.025,100.075,88.718,161.134,100.015,100.085,50.565,127.276,100.005,100.095,50.201,106.504,1,100.055,22.037
2026-01-02T09:36:22+00:00,100.04,100.035,100.045,46.069,97.083,100.025,100.055,36.87,73.435,100.015,100.065,39.656,86.871,100.005,100.075,75.292,202.541,99.995,100.085,60.306,113.835,-1,100.035,4.342
2026-01-02T09:36:23+00:00,100.04,100.035,100.045,62.27,144.766,100.025,100.055,32.253,84.503,100.015,100.065,79.259,171.028,100.005,100.075,47.389,100.275,99.995,100.085,53.712,117.464,1,100.045,22.245
2026-01-02T09:36:24+00:00,100.04,100.025,100.055,41.314,90.295,100.015,100.065,29.07,71.675,100.005,100.075,31.854,103.657,99.995,100.085,45.293,91.296,99.985,100.095,64.579,135.827,-1,100.025,5.336
2026-01-02T09:36:25+00:00,100.04,100.035,100.045,55.074,100.18,100.025,100.055,27.991,71.212,100.015,100.065,25.987,61.889,100.005,100.075,55.356,122.287,99.995,100.085,41.918,123.081,1,100.045,11.964
2026-01-02T09:36:26+00:00,100.04,100.035,100.045,40.704,107.019,100.025,100.055,53.143,92.25,100.015,100.065,55.8,104.329,100.005,100.075,56.213,78.054,99.995,100.085,67.477,143.476,1,100.045,14.856
2026-01-02T09:36:27+00:00,100.04,100.025,100.055,40.497,77.126,100.015,100.065,39.602,73.963,100.005,100.075,48.326,124.389,99.995,100.085,37.715,77.287,99.985,100.095,96.408,243.815,-1,100.025,15.175
2026-01-02T09:36:28+00:00,100.03,100.025,100.035,44.35,105.304,100.015,100.045,46.573,106.613,100.005,100.055,59.564,106.247,99.995,100.065,62.228,171.47,99.985,100.075,100.019,258.796,-1,100.025,39.373
2026-01-02T09:36:29+00:00,100.03,100.025,100.035,40.36,79.75,100.015,100.045,110.873,212.455,100.005,100.055,68.402,122.866,99.995,100.065,41.774,88.724,99.985,100.075,57.037,102.227,-1,100.025,10.868
2026-01-02T09:36:30+00:00,100.03,100.025,100.035,37.951,106.414,100.015,100.045,66.089,160.175,100.005,100.055,28.73,60.098,99.995,100.065,62.555,132.534,99.985,100.075,80.407,176.767,-1,100.025,13.488
2026-01-02T09:36:31+00:00,100.03,100.025,100.035,32.74,67.898,100.015,100.045,61.497,145.604,100.005,100.055,41.861,105.856,99.995,100.065,52.552,103.905,99.985,100.075,75.105,206.869,1,100.035,37.96
2026-01-02T09:36:32+00:00,100.03,100.025,100.035,19.921,61.22,100.015,100.045,40.613,99.228,100.005,100.055,49.068,89.041,99.995,100.065,39.091,83.652,99.985,100.075,112.052,319.202,1,100.035,12.345
2026-01-02T09:36:33+00:00,100.03,100.025,100.035,20.187,41.7,100.015,100.045,50.372,124.688,100.005,100.055,24.377,64.231,99.995,100.065,44.268,114.499,99.985,100.075,127.386,357.057,-1,100.025,6.546
2026-01-02T09:36:34+00:00,100.03,100.025,100.035,22.636,85.527,100.015,100.045,29.551,97.209,100.005,100.055,43.799,85.391,99.995,100.065,47.777,119.437,99.985,100.075,77.412,202.307,-1,100.025,18.363
2026-01-02T09:36:35+00:00,100.02,100.015,100.025,38.157,65.675,100.005,100.035,74.675,185.23,99.995,100.045,35.591,101.805,99.985,100.055,67.257,144.213,99.975,100.065,24.804,90.917,-1,100.015,36.049
2026-01-02T09:36:36+00:00,100.01,100.005,100.015,62.958,160.821,99.995,100.025,42.398,115.483,99.985,100.035,57.387,105.687,99.975,100.045,74.503,150.735,99.965,100.055,64.98,142.941,-1,100.005,17.822
2026-01-02T09:36:37+00:00,100.01,100.005,100.015,33.761,73.285,99.995,100.025,88.227,232.284,99.985,100.035,53.488,85.224,99.975,100.045,65.777,158.474,99.965,100.055,106.96,208.834,1,100.015,5.899
2026-01-02T09:36:38+00:00,100.01,100.005,100.015,23.1,41.395,99.995,100.025,40.35,97.35,99.985,100.035,79.572,196.275,99.975,100.045,86.611,262.315,99.965,100.055,42.437,84.335,-1,100.005,23.057
2026-01-02T09:36:39+00:00,100.01,100.005,100.015,45.827,92.818,99.995,100.025,58.537,131.478,99.985,100.035,31.281,55.993,99.975,100.045,81.328,131.25,99.965,100.055,77.136,114.343,1,100.015,20.095
2026-01-02T09:36:40+00:00,100.0,99.995,100.005,46.057,104.788,99.985,100.015,49.122,127.511,99.975,100.025,45.653,116.064,99.965,100.035,81.364,187.835,99.955,100.045,97.696,234.658,-1,99.995,20.783
2026-01-02T09:36:41+00:00,100.0,99.995,100.005,67.169,131.847,99.985,100.015,57.642,101.346,99.975,100.025,55.239,126.646,99.965,100.035,110.664,270.686,99.955,100.045,76.639,217.954,-1,99.995,29.073
2026-01-02T09:36:42+00:00,100.0,99.99,100.01,90.658,145.069,99.98,100.02,38.421,99.298,99.97,100.03,43.207,109.781,99.96,100.04,115.757,233.466,99.95,100.05,48.4,97.845,1,100.01,24.333
2026-01-02T09:36:43+00:00,100.0,99.985,100.015,42.255,78.617,99.975,100.025,38.594,72.28,99.965,100.035,55.432,116.415,99.955,100.045,78.541,183.995,99.945,100.055,50.177,140.493,-1,99.985,32.73
2026-01-02T09:36:44+00:00,100.0,99.995,100.005,33.217,53.793,99.985,100.015,40.696,75.112,99.975,100.025,45.156,81.108,99.965,100.035,116.316,227.54,99.955,100.045,96.297,135.324,-1,99.995,16.096
2026-01-02T09:36:45+00:00,100.01,100.0,100.02,38.363,88.712,99.99,100.03,51.181,104.869,99.98,100.04,33.127,59.779,99.97,100.05,65.785,87.869,99.96,100.06,119.58,194.261,-1,100.0,8.813
2026-01-02T09:36:46+00:00,100.01,100.005,100.015,31.195,66.788,99.995,100.025,48.272,107.545,99.985,100.035,50.317,133.827,99.975,100.045,54.158,144.042,99.965,100.055,79.568,145.532,-1,100.005,9.13
2026-01-02T09:36:47+00:00,100.01,100.005,100.015,82.242,136.485,99.995,100.025,67.807,141.601,99.985,100.035,33.312,72.029,99.975,100.045,59.634,147.404,99.965,100.055,63.87,99.687,-1,100.005,17.145
2026-01-02T09:36:48+00:00,100.01,100.005,100.015,42.667,71.738,99.995,100.025,33.264,56.526,99.985,100.035,42.415,83.204,99.975,100.045,37.957,74.701,99.965,100.055,137.287,238.422,1,100.015,7.8
2026-01-02T09:36:49+00:00,100.02,100.01,100.03,44.699,91.592,100.0,100.04,40.782,93.098,99.99,100.05,63.162,112.944,99.98,100.06,45.557,109.303,99.97,100.07,66.974,152.481,1,100.03,9.788
2026-01-02T09:36:50+00:00,100.03,100.015,100.045,34.699,97.276,100.005,100.055,43.178,102.076,99.995,100.065,41.323,93.813,99.985,100.075,35.678,77.393,99.975,100.085,67.146,155.07,-1,100.015,8.596
2026-01-02T09:36:51+00:00,100.03,100.025,100.035,63.382,109.897,100.015,100.045,63.556,131.2,100.005,100.055,50.729,109.614,99.995,100.065,64.492,141.812,99.985,100.075,65.985,149.975,-1,100.025,25.01
2026-01-02T09:36:52+00:00,100.03,100.02,100.04,61.619,151.11,100.01,100.05,49.311,123.93,100.0,100.06,43.923,101.165,99.99,100.07,76.831,201.711,99.98,100.08,59.46,170.831,-1,100.02,23.23
2026-01-02T09:36:53+00:00,100.03,100.015,100.045,44.767,83.547,100.005,100.055,38.57,88.896,99.995,100.065,28.964,55.681,99.985,100.075,70.433,131.794,99.975,100.085,73.655,193.346,-1,100.015,18.745
2026-01-02T09:36:54+00:00,100.03,100.02,100.04,103.962,227.116,100.01,100.05,66.262,180.876,100.0,100.06,40.201,136.289,99.99,100.07,81.063,165.014,99.98,100.08,41.147,134.714,-1,100.02,19.255
2026-01-02T09:36:55+00:00,100.03,100.02,100.04,36.944,68.906,100.01,100.05,25.304,62.265,100.0,100.06,114.438,216.409,99.99,100.07,40.582,112.17,99.98,100.08,53.114,123.77,-1,100.02,12.312
2026-01-02T09:36:56+00:00,100.03,100.025,100.035,33.465,89.29,100.015,100.045,47.187,78.203,100.005,100.055,43.665,125.795,99.995,100.065,29.504,81.573,99.985,100.075,47.509,116.383,1,100.035,38.907
2026-01-02T09:36:57+00:00,100.02,100.015,100.025,32.465,85.258,100.005,100.035,37.871,93.979,99.995,100.045,39.901,74.066,99.985,100.055,83.192,202.861,99.975,100.065,76.474,152.825,1,100.025,28.641
2026-01-02T09:36:58+00:00,100.02,100.015,100.025,28.295,72.174,100.005,100.035,47.864,88.464,99.995,100.045,79.345,164.933,99.985,100.055,54.826,129.981,99.975,100.065,69.979,139.49,-1,100.015,42.431
2026-01-02T09:36:59+00:00,100.01,100.005,100.015,44.156,85.588,99.995,100.025,58.57,136.654,99.985,100.035,51.294,123.132,99.975,100.045,111.525,213.691,99.965,100.055,112.519,188.647,-1,100.005,49.67
2026-01-02T09:37:00+00:00,100.01,100.005,100.015,56.82,94.796,99.995,100.025,68.887,100.018,99.985,100.035,69.94,117.687,99.975,100.045,45.841,79.844,99.965,100.055,90.626,134.29,1,100.015,22.389
2026-01-02T09:37:01+00:00,100.01,100.0,100.02,87.127,101.34,99.99,100.03,82.082,79.812,99.98,100.04,67.172,101.254,99.97,100.05,93.682,119.702,99.96,100.06,127.618,179.983,-1,100.0,6.053
2026-01-02T09:37:02+00:00,100.01,100.005,100.015,63.44,89.803,99.995,100.025,108.573,141.488,99.985,100.035,91.891,130.17,99.975,100.045,51.554,74.328,99.965,100.055,85.552,103.039,1,100.015,13.803
2026-01-02T09:37:03+00:00,100.0,99.995,100.005,51.953,84.29,99.985,100.015,56.482,96.04,99.975,100.025,47.584,86.977,99.965,100.035,74.094,96.947,99.955,100.045,104.279,124.03,1,100.005,23.464
2026-01-02T09:37:04+00:00,100.0,99.995,100.005,49.755,80.923,99.985,100.015,135.135,176.916,99.975,100.025,81.359,127.756,99.965,100.035,124.762,138.887,99.955,100.045,93.69,106.484,1,100.005,18.426
2026-01-02T09:37:05+00:00,100.0,99.995,100.005,73.022,111.106,99.985,100.015,81.593,109.497,99.975,100.025,111.062,129.222,99.965,100.035,72.53,105.57,99.955,100.045,90.589,112.658,1,100.005,9.154
2026-01-02T09:37:06+00:00,100.0,99.995,100.005,31.27,31.308,99.985,100.015,78.474,102.996,99.975,100.025,41.456,46.432,99.965,100.035,54.154,83.153,99.955,100.045,100.877,156.361,-1,99.995,10.869
2026-01-02T09:37:07+00:00,99.99,99.985,99.995,48.268,76.417,99.975,100.005,60.059,97.024,99.965,100.015,82.704,130.605,99.955,100.025,97.017,204.606,99.945,100.035,51.577,71.365,-1,99.985,12.468
2026-01-02T09:37:08+00:00,99.99,99.985,99.995,43.306,45.724,99.975,100.005,58.093,104.211,99.965,100.015,97.488,174.526,99.955,100.025,55.326,74.764,99.945,100.035,53.203,102.136,-1,99.985,37.452
2026-01-02T09:37:09+00:00,99.99,99.985,99.995,51.368,93.767,99.975,100.005,53.577,112.604,99.965,100.015,101.258,150.796,99.955,100.025,77.923,138.126,99.945,100.035,86.671,153.401,-1,99.985,36.906
2026-01-02T09:37:10+00:00,100.0,99.995,100.005,26.894,59.31,99.985,100.015,65.511,120.154,99.975,100.025,71.101,120.483,99.965,100.035,28.656,53.171,99.955,100.045,67.741,125.03,1,100.005,8.054
2026-01-02T09:37:11+00:00,100.0,99.995,100.005,35.984,65.563,99.985,100.015,41.217,55.022,99.975,100.025,106.201,120.501,99.965,100.035,174.678,195.371,99.955,100.045,70.454,106.465,1,100.005,13.959
2026-01-02T09:37:12+00:00,100.0,99.995,100.005,75.643,87.464,99.985,100.015,77.943,107.551,99.975,100.025,47.115,75.24,99.965,100.035,60.979,87.072,99.955,100.045,99.566,136.871,-1,99.995,12.008
2026-01-02T09:37:13+00:00,100.01,100.005,100.015,57.678,66.21,99.995,100.025,58.246,105.547,99.985,100.035,85.129,114.169,99.975,100.045,128.858,116.96,99.965,100.055,93.231,133.923,1,100.015,27.814
2026-01-02T09:37:14+00:00,100.01,100.0,100.02,49.439,60.142,99.99,100.03,61.778,68.105,99.98,100.04,65.991,75.836,99.97,100.05,52.986,90.717,99.96,100.06,110.481,95.361,1,100.02,16.423
2026-01-02T09:37:15+00:00,100.01,100.005,100.015,59.703,56.664,99.995,100.025,66.192,70.398,99.985,100.035,106.137,70.822,99.975,100.045,169.051,142.331,99.965,100.055,112.011,98.265,1,100.015,27.876
2026-01-02T09:37:16+00:00,100.01,100.005,100.015,40.782,29.519,99.995,100.025,87.16,76.15,99.985,100.035,104.085,66.033,99.975,100.045,93.706,97.038,99.965,100.055,162.643,164.396,-1,100.005,37.937
2026-01-02T09:37:17+00:00,100.02,100.015,100.025,121.399,88.274,100.005,100.035,80.287,63.88,99.995,100.045,84.18,79.569,99.985,100.055,165.944,139.143,99.975,100.065,138.279,96.905,-1,100.015,20.742
2026-01-02T09:37:18+00:00,100.02,100.015,100.025,60.073,52.303,100.005,100.035,55.811,41.034,99.995,100.045,85.567,72.566,99.985,100.055,74.954,60.83,99.975,100.065,71.086,40.959,1,100.025,8.672
2026-01-02T09:37:19+00:00,100.02,100.015,100.025,76.453,43.603,100.005,100.035,83.536,60.902,99.995,100.045,92.425,63.748,99.985,100.055,160.756,79.547,99.975,100.065,171.137,108.137,-1,100.015,8.549
2026-01-02T09:37:20+00:00,100.02,100.015,100.025,55.62,35.319,100.005,100.035,68.444,45.092,99.995,100.045,73.579,80.823,99.985,100.055,125.948,88.779,99.975,100.065,94.204,89.237,1,100.025,5.857
2026-01-02T09:37:21+00:00,100.03,100.025,100.035,44.521,31.062,100.015,100.045,71.68,46.47,100.005,100.055,172.998,146.835,99.995,100.065,96.609,92.518,99.985,100.075,97.5,78.848,-1,100.025,24.318
2026-01-02T09:37:22+00:00,100.03,100.025,100.035,112.914,72.505,100.015,100.045,144.372,102.69,100.005,100.055,144.027,85.204,99.995,100.065,120.686,101.499,99.985,100.075,72.3,38.429,1,100.035,21.818
2026-01-02T09:37:23+00:00,100.03,100.025,100.035,90.134,51.746,100.015,100.045,116.522,76.889,100.005,100.055,98.501,78.548,99.995,100.065,108.13,70.561,99.985,100.075,112.533,54.434,-1,100.025,13.724
2026-01-02T09:37:24+00:00,100.04,100.035,100.045,110.943,51.953,100.025,100.055,106.045,61.753,100.015,100.065,99.992,34.141,100.005,100.075,102.014,67.794,99.995,100.085,230.957,96.416,1,100.045,21.758
2026-01-02T09:37:25+00:00,100.05,100.045,100.055,58.742,49.752,100.035,100.065,94.201,58.778,100.025,100.075,201.782,127.878,100.015,100.085,101.963,63.47,100.005,100.095,113.104,97.922,-1,100.045,8.891
2026-01-02T09:37:26+00:00,100.05,100.045,100.055,37.589,26.365,100.035,100.065,74.897,61.422,100.025,100.075,136.287,66.713,100.015,100.085,49.14,29.992,100.005,100.095,118.382,96.009,-1,100.045,16.51
2026-01-02T09:37:27+00:00,100.05,100.04,100.06,130.229,76.141,100.03,100.07,65.0,32.715,100.02,100.08,216.914,96.861,100.01,100.09,70.904,45.892,100.0,100.1,193.864,122.635,-1,100.04,37.161
2026-01-02T09:37:28+00:00,100.05,100.045,100.055,58.65,42.345,100.035,100.065,123.091,64.443,100.025,100.075,131.173,101.909,100.015,100.085,94.488,62.779,100.005,100.095,172.017,98.107,1,100.055,25.037
2026-01-02T09:37:29+00:00,100.05,100.045,100.055,55.387,34.449,100.035,100.065,124.727,73.193,100.025,100.075,109.577,67.459,100.015,100.085,397.577,188.086,100.005,100.095,84.52,42.659,1,100.055,21.086
2026-01-02T09:37:30+00:00,100.05,100.045,100.055,81.475,51.76,100.035,100.065,146.122,97.04,100.025,100.075,92.881,57.151,100.015,100.085,156.661,105.787,100.005,100.095,122.876,110.428,-1,100.045,11.977
2026-01-02T09:37:31+00:00,100.06,100.05,100.07,54.544,40.346,100.04,100.08,98.766,52.618,100.03,100.09,103.011,71.938,100.02,100.1,52.138,38.096,100.01,100.11,148.015,73.426,-1,100.05,7.754
2026-01-02T09:37:32+00:00,100.06,100.055,100.065,83.901,57.511,100.045,100.075,65.848,45.196,100.035,100.085,115.46,71.168,100.025,100.095,110.656,92.566,100.015,100.105,163.535,115.051,1,100.065,10.174
2026-01-02T09:37:33+00:00,100.06,100.055,100.065,55.862,65.361,100.045,100.075,35.335,40.841,100.035,100.085,62.273,56.053,100.025,100.095,99.212,104.679,100.015,100.105,96.753,102.064,-1,100.055,9.377
2026-01-02T09:37:34+00:00,100.06,100.055,100.065,35.127,50.095,100.045,100.075,78.712,109.437,100.035,100.085,124.073,117.869,100.025,100.095,66.999,73.326,100.015,100.105,101.39,97.601,-1,100.055,21.306
2026-01-02T09:37:35+00:00,100.06,100.055,100.065,58.348,48.726,100.045,100.075,119.233,105.589,100.035,100.085,148.522,134.401,100.025,100.095,92.13,95.554,100.015,100.105,69.933,77.503,-1,100.055,60.147
2026-01-02T09:37:36+00:00,100.06,100.05,100.07,61.922,47.147,100.04,100.08,70.113,78.34,100.03,100.09,56.893,71.126,100.02,100.1,72.22,86.967,100.01,100.11,67.007,76.167,1,100.07,5.901
2026-01-02T09:37:37+00:00,100.06,100.055,100.065,107.09,141.928,100.045,100.075,48.45,70.663,100.035,100.085,65.069,68.07,100.025,100.095,86.908,137.987,100.015,100.105,88.799,120.686,-1,100.055,7.564
2026-01-02T09:37:38+00:00,100.06,100.055,100.065,69.012,57.111,100.045,100.075,82.077,58.652,100.035,100.085,77.73,60.298,100.025,100.095,68.691,61.349,100.015,100.105,133.912,136.866,1,100.065,21.288
2026-01-02T09:37:39+00:00,100.06,100.055,100.065,66.033,50.728,100.045,100.075,77.428,91.32,100.035,100.085,84.387,74.612,100.025,100.095,112.063,121.237,100.015,100.105,156.538,154.942,1,100.065,9.886
2026-01-02T09:37:40+00:00,100.07,100.065,100.075,50.91,52.742,100.055,100.085,94.224,163.425,100.045,100.095,37.556,52.527,100.035,100.105,61.085,67.163,100.025,100.115,83.784,107.804,1,100.075,30.175
2026-01-02T09:37:41+00:00,100.07,100.065,100.075,47.603,54.793,100.055,100.085,65.441,111.531,100.045,100.095,81.212,83.808,100.035,100.105,111.712,119.62,100.025,100.115,83.99,98.176,-1,100.065,19.93
2026-01-02T09:37:42+00:00,100.07,100.065,100.075,69.303,74.212,100.055,100.085,75.956,83.976,100.045,100.095,76.589,90.333,100.035,100.105,64.187,89.596,100.025,100.115,64.707,84.046,-1,100.065,18.212
2026-01-02T09:37:43+00:00,100.07,100.06,100.08,27.441,26.025,100.05,100.09,37.596,67.804,100.04,100.1,137.447,172.231,100.03,100.11,44.861,53.864,100.02,100.12,70.179,85.075,-1,100.06,5.67
2026-01-02T09:37:44+00:00,100.08,100.075,100.085,38.918,48.339,100.065,100.095,48.639,65.648,100.055,100.105,56.575,71.043,100.045,100.115,80.767,91.156,100.035,100.125,81.156,91.616,-1,100.075,13.79
2026-01-02T09:37:45+00:00,100.07,100.065,100.075,58.333,59.349,100.055,100.085,23.868,49.774,100.045,100.095,93.28,185.445,100.035,100.105,91.176,142.044,100.025,100.115,95.434,141.554,-1,100.065,14.942
2026-01-02T09:37:46+00:00,100.07,100.065,100.075,83.895,93.403,100.055,100.085,79.034,88.923,100.045,100.095,78.208,102.333,100.035,100.105,82.339,135.454,100.025,100.115,65.348,60.373,-1,100.065,67.54
2026-01-02T09:37:47+00:00,100.07,100.065,100.075,82.87,138.994,100.055,100.085,56.48,60.661,100.045,100.095,37.988,44.077,100.035,100.105,109.167,157.8,100.025,100.115,94.086,114.636,1,100.075,9.479
2026-01-02T09:37:48+00:00,100.06,100.05,100.07,70.442,84.886,100.04,100.08,53.441,84.513,100.03,100.09,60.29,60.771,100.02,100.1,67.685,93.644,100.01,100.11,57.661,86.708,-1,100.05,8.592
2026-01-02T09:37:49+00:00,100.06,100.055,100.065,34.458,65.721,100.045,100.075,59.693,82.155,100.035,100.085,37.674,82.98,100.025,100.095,77.137,129.107,100.015,100.105,54.483,103.423,-1,100.055,51.658
2026-01-02T09:37:50+00:00,100.06,100.055,100.065,50.881,60.41,100.045,100.075,113.541,148.47,100.035,100.085,92.355,83.932,100.025,100.095,144.543,166.073,100.015,100.105,57.146,100.223,-1,100.055,18.043
2026-01-02T09:37:51+00:00,100.06,100.055,100.065,37.25,59.233,100.045,100.075,87.159,93.171,100.035,100.085,79.323,82.763,100.025,100.095,94.341,105.073,100.015,100.105,96.64,135.239,1,100.065,6.017
2026-01-02T09:37:52+00:00,100.05,100.045,100.055,125.483,108.606,100.035,100.065,32.581,34.438,100.025,100.075,144.263,180.6,100.015,100.085,78.978,89.857,100.005,100.095,146.937,139.369,-1,100.045,13.999
2026-01-02T09:37:53+00:00,100.05,100.045,100.055,59.569,68.897,100.035,100.065,52.251,70.937,100.025,100.075,90.254,127.744,100.015,100.085,77.269,103.276,100.005,100.095,61.304,60.865,-1,100.045,5.418
2026-01-02T09:37:54+00:00,100.05,100.04,100.06,91.33,92.392,100.03,100.07,46.544,64.145,100.02,100.08,55.792,85.814,100.01,100.09,94.904,133.977,100.0,100.1,84.207,114.883,1,100.06,12.729
2026-01-02T09:37:55+00:00,100.05,100.045,100.055,48.535,51.17,100.035,100.065,63.169,103.327,100.025,100.075,60.794,94.136,100.015,100.085,34.305,58.822,100.005,100.095,90.232,87.647,1,100.055,12.66
2026-01-02T09:37:56+00:00,100.05,100.045,100.055,92.436,134.254,100.035,100.065,41.936,61.869,100.025,100.075,49.99,55.929,100.015,100.085,121.588,145.961,100.005,100.095,104.09,122.593,1,100.055,16.182
2026-01-02T09:37:57+00:00,100.05,100.04,100.06,45.374,50.183,100.03,100.07,68.788,90.158,100.02,100.08,85.269,106.47,100.01,100.09,133.647,183.917,100.0,100.1,73.495,119.715,-1,100.04,38.997
2026-01-02T09:37:58+00:00,100.05,100.045,100.055,56.51,72.731,100.035,100.065,61.349,63.239,100.025,100.075,94.324,112.145,100.015,100.085,38.142,45.24,100.005,100.095,205.358,241.842,-1,100.045,16.471
2026-01-02T09:37:59+00:00,100.05,100.045,100.055,47.11,56.677,100.035,100.065,71.159,68.592,100.025,100.075,109.281,85.853,100.015,100.085,69.243,51.733,100.005,100.095,152.226,150.456,1,100.055,18.841
2026-01-02T09:38:00+00:00,100.05,100.04,100.06,29.183,30.852,100.03,100.07,80.282,62.186,100.02,100.08,88.926,77.956,100.01,100.09,85.089,67.782,100.0,100.1,161.952,154.304,1,100.06,6.458
2026-01-02T09:38:01+00:00,100.05,100.045,100.055,57.29,55.883,100.035,100.065,56.903,44.508,100.025,100.075,83.991,90.375,100.015,100.085,61.445,73.737,100.005,100.095,52.683,59.242,-1,100.045,29.175
2026-01-02T09:38:02+00:00,100.04,100.035,100.045,65.48,51.034,100.025,100.055,129.469,143.877,100.015,100.065,107.875,101.792,100.005,100.075,113.576,93.494,99.995,100.085,84.307,63.159,-1,100.035,8.337
2026-01-02T09:38:03+00:00,100.03,100.025,100.035,66.623,60.409,100.015,100.045,106.435,87.47,100.005,100.055,105.086,86.421,99.995,100.065,105.804,74.691,99.985,100.075,208.349,221.679,-1,100.025,16.825
2026-01-02T09:38:04+00:00,100.03,100.025,100.035,50.546,60.771,100.015,100.045,152.625,116.429,100.005,100.055,71.389,100.557,99.995,100.065,49.488,54.946,99.985,100.075,116.271,145.203,-1,100.025,23.444
2026-01-02T09:38:05+00:00,100.03,100.02,100.04,126.411,133.914,100.01,100.05,62.961,113.055,100.0,100.06,118.602,116.428,99.99,100.07,55.381,100.18,99.98,100.08,56.393,72.054,1,100.04,21.905
2026-01-02T09:38:06+00:00,100.03,100.015,100.045,55.031,71.284,100.005,100.055,59.279,83.238,99.995,100.065,72.894,78.524,99.985,100.075,89.298,130.332,99.975,100.085,114.12,156.639,-1,100.015,6.155
2026-01-02T09:38:07+00:00,100.03,100.025,100.035,58.348,63.12,100.015,100.045,53.194,88.164,100.005,100.055,40.029,43.355,99.995,100.065,78.482,97.579,99.985,100.075,47.51,57.937,-1,100.025,17.544
2026-01-02T09:38:08+00:00,100.03,100.025,100.035,54.644,61.458,100.015,100.045,48.531,63.614,100.005,100.055,75.976,137.799,99.995,100.065,53.011,56.156,99.985,100.075,78.465,112.075,-1,100.025,14.802
2026-01-02T09:38:09+00:00,100.03,100.025,100.035,48.243,68.469,100.015,100.045,56.496,63.424,100.005,100.055,78.702,125.304,99.995,100.065,121.189,146.791,99.985,100.075,92.246,114.053,-1,100.025,22.42
2026-01-02T09:38:10+00:00,100.03,100.025,100.035,59.961,83.874,100.015,100.045,54.971,86.576,100.005,100.055,95.493,111.553,99.995,100.065,50.805,56.934,99.985,100.075,56.726,79.706,1,100.035,12.574
2026-01-02T09:38:11+00:00,100.03,100.025,100.035,27.455,40.286,100.015,100.045,142.183,140.775,100.005,100.055,78.474,67.573,99.995,100.065,87.951,71.802,99.985,100.075,77.523,88.039,1,100.035,17.156
2026-01-02T09:38:12+00:00,100.03,100.025,100.035,74.535,59.074,100.015,100.045,48.571,54.535,100.005,100.055,92.457,79.941,99.995,100.065,105.886,80.079,99.985,100.075,90.834,88.99,1,100.035,20.985
2026-01-02T09:38:13+00:00,100.03,100.025,100.035,65.928,85.144,100.015,100.045,176.244,120.862,100.005,100.055,113.604,109.255,99.995,100.065,98.62,82.459,99.985,100.075,91.388,115.758,-1,100.025,21.235
2026-01-02T09:38:14+00:00,100.03,100.025,100.035,81.547,67.982,100.015,100.045,81.823,74.556,100.005,100.055,62.788,58.148,99.995,100.065,45.046,52.607,99.985,100.075,89.244,100.005,-1,100.025,28.846
2026-01-02T09:38:15+00:00,100.03,100.02,100.04,102.161,140.51,100.01,100.05,56.031,96.916,100.0,100.06,92.761,140.904,99.99,100.07,84.938,130.106,99.98,100.08,133.789,202.681,-1,100.02,5.069
2026-01-02T09:38:16+00:00,100.03,100.025,100.035,39.531,54.762,100.015,100.045,43.534,52.384,100.005,100.055,73.209,114.049,99.995,100.065,98.664,162.454,99.985,100.075,134.27,160.216,-1,100.025,24.119
2026-01-02T09:38:17+00:00,100.03,100.025,100.035,55.622,80.111,100.015,100.045,64.713,82.035,100.005,100.055,62.706,96.407,99.995,100.065,93.938,156.13,99.985,100.075,110.838,164.47,1,100.035,24.776
2026-01-02T09:38:18+00:00,100.03,100.02,100.04,52.497,107.994,100.01,100.05,50.416,87.73,100.0,100.06,57.377,84.797,99.99,100.07,49.749,101.24,99.98,100.08,90.541,171.473,-1,100.02,51.844
2026-01-02T09:38:19+00:00,100.03,100.025,100.035,30.37,67.194,100.015,100.045,90.842,156.156,100.005,100.055,110.394,184.36,99.995,100.065,72.351,160.378,99.985,100.075,82.815,159.487,-1,100.025,16.347
2026-01-02T09:38:20+00:00,100.03,100.02,100.04,28.366,55.339,100.01,100.05,55.688,79.409,100.0,100.06,64.234,131.238,99.99,100.07,48.327,93.597,99.98,100.08,184.313,289.216,1,100.04,6.277
2026-01-02T09:38:21+00:00,100.03,100.025,100.035,75.957,139.805,100.015,100.045,29.638,71.628,100.005,100.055,56.387,92.761,99.995,100.065,101.304,157.076,99.985,100.075,45.394,98.877,-1,100.025,12.469
2026-01-02T09:38:22+00:00,100.04,100.03,100.05,120.362,195.407,100.02,100.06,38.005,53.62,100.01,100.07,54.57,118.246,100.0,100.08,42.677,81.223,99.99,100.09,145.322,274.655,-1,100.03,10.192
2026-01-02T09:38:23+00:00,100.04,100.035,100.045,99.481,152.256,100.025,100.055,42.054,92.565,100.015,100.065,29.48,58.577,100.005,100.075,96.85,179.034,99.995,100.085,87.127,175.806,1,100.045,5.962
2026-01-02T09:38:24+00:00,100.04,100.035,100.045,50.62,92.709,100.025,100.055,73.81,115.286,100.015,100.065,60.144,106.386,100.005,100.075,169.524,295.161,99.995,100.085,69.365,113.361,-1,100.035,18.508
2026-01-02T09:38:25+00:00,100.03,100.02,100.04,62.721,92.228,100.01,100.05,48.127,94.194,100.0,100.06,47.242,70.07,99.99,100.07,74.87,111.289,99.98,100.08,79.31,109.667,-1,100.02,5.168
2026-01-02T09:38:26+00:00,100.03,100.025,100.035,29.84,46.255,100.015,100.045,87.982,108.407,100.005,100.055,63.996,73.629,99.995,100.065,73.753,104.184,99.985,100.075,194.512,318.821,-1,100.025,21.983
2026-01-02T09:38:27+00:00,100.03,100.025,100.035,35.954,60.213,100.015,100.045,40.084,85.316,100.005,100.055,54.51,88.126,99.995,100.065,76.76,87.078,99.985,100.075,51.948,71.354,1,100.035,12.62
2026-01-02T09:38:28+00:00,100.03,100.025,100.035,73.904,75.557,100.015,100.045,46.708,58.483,100.005,100.055,84.519,93.749,99.995,100.065,49.228,72.89,99.985,100.075,102.632,136.067,-1,100.025,10.507
2026-01-02T09:38:29+00:00,100.03,100.025,100.035,67.858,88.495,100.015,100.045,62.121,90.895,100.005,100.055,34.217,42.684,99.995,100.065,57.172,61.118,99.985,100.075,101.975,116.557,-1,100.025,20.276
2026-01-02T09:38:30+00:00,100.03,100.025,100.035,36.269,60.115,100.015,100.045,52.712,86.229,100.005,100.055,70.73,91.602,99.995,100.065,71.779,82.036,99.985,100.075,73.282,117.115,-1,100.025,34.982
2026-01-02T09:38:31+00:00,100.03,100.02,100.04,66.947,55.868,100.01,100.05,51.892,52.222,100.0,100.06,131.912,148.777,99.99,100.07,107.261,104.69,99.98,100.08,139.173,140.099,-1,100.02,18.108
2026-01-02T09:38:32+00:00,100.03,100.025,100.035,49.091,50.56,100.015,100.045,98.478,99.681,100.005,100.055,85.079,67.083,99.995,100.065,71.483,82.931,99.985,100.075,94.786,91.842,1,100.035,9.462
2026-01-02T09:38:33+00:00,100.03,100.025,100.035,78.95,82.663,100.015,100.045,68.914,79.119,100.005,100.055,98.765,146.936,99.995,100.065,72.451,85.764,99.985,100.075,138.853,139.256,1,100.035,17.76
2026-01-02T09:38:34+00:00,100.03,100.025,100.035,46.783,75.588,100.015,100.045,67.951,58.7,100.005,100.055,64.832,77.619,99.995,100.065,88.382,89.97,99.985,100.075,57.501,72.077,-1,100.025,11.605
2026-01-02T09:38:35+00:00,100.03,100.02,100.04,94.229,80.093,100.01,100.05,44.402,64.898,100.0,100.06,59.669,63.542,99.99,100.07,95.047,101.58,99.98,100.08,94.494,113.716,-1,100.02,54.753
2026-01-02T09:38:36+00:00,100.03,100.025,100.035,66.792,76.863,100.015,100.045,70.975,83.187,100.005,100.055,61.046,64.151,99.995,100.065,90.11,114.651,99.985,100.075,125.881,162.602,1,100.035,22.095
2026-01-02T09:38:37+00:00,100.03,100.015,100.045,62.092,60.74,100.005,100.055,43.605,49.213,99.995,100.065,60.885,96.822,99.985,100.075,96.852,115.31,99.975,100.085,77.057,107.533,-1,100.015,15.29
2026-01-02T09:38:38+00:00,100.03,100.02,100.04,27.378,39.297,100.01,100.05,39.304,84.188,100.0,100.06,38.62,65.973,99.99,100.07,79.046,140.308,99.98,100.08,110.55,207.063,-1,100.02,6.041
2026-01-02T09:38:39+00:00,100.03,100.02,100.04,31.495,63.721,100.01,100.05,75.882,142.115,100.0,100.06,50.912,80.525,99.99,100.07,58.024,106.119,99.98,100.08,67.513,136.681,-1,100.02,14.403
2026-01-02T09:38:40+00:00,100.02,100.005,100.035,73.089,120.463,99.995,100.045,76.955,184.06,99.985,100.055,70.76,124.705,99.975,100.065,61.8,122.215,99.965,100.075,99.566,166.48,1,100.035,13.739
2026-01-02T09:38:41+00:00,100.02,100.015,100.025,58.734,122.139,100.005,100.035,41.917,85.02,99.995,100.045,97.736,228.723,99.985,100.055,91.866,210.468,99.975,100.065,59.815,139.316,1,100.025,12.498
2026-01-02T09:38:42+00:00,100.02,100.015,100.025,23.895,45.364,100.005,100.035,37.426,87.133,99.995,100.045,70.652,163.727,99.985,100.055,102.251,180.469,99.975,100.065,84.477,149.955,1,100.025,5.406
2026-01-02T09:38:43+00:00,100.01,100.005,100.015,52.118,93.128,99.995,100.025,36.338,74.905,99.985,100.035,39.064,94.465,99.975,100.045,51.296,85.814,99.965,100.055,94.656,249.452,-1,100.005,30.992
2026-01-02T09:38:44+00:00,100.01,100.005,100.015,38.456,71.389,99.995,100.025,35.594,63.729,99.985,100.035,51.997,110.175,99.975,100.045,79.253,127.68,99.965,100.055,60.981,98.045,-1,100.005,13.744
2026-01-02T09:38:45+00:00,100.0,99.995,100.005,25.076,55.559,99.985,100.015,45.22,56.834,99.975,100.025,48.145,111.045,99.965,100.035,48.838,93.774,99.955,100.045,55.342,107.921,-1,99.995,12.803
2026-01-02T09:38:46+00:00,100.0,99.99,100.01,56.0,87.18,99.98,100.02,58.399,86.551,99.97,100.03,75.061,111.795,99.96,100.04,67.349,82.27,99.95,100.05,113.383,158.394,-1,99.99,10.624
2026-01-02T09:38:47+00:00,100.0,99.995,100.005,72.115,79.856,99.985,100.015,61.968,92.502,99.975,100.025,102.343,155.743,99.965,100.035,87.178,123.922,99.955,100.045,56.355,66.76,1,100.005,23.89
2026-01-02T09:38:48+00:00,100.0,99.995,100.005,48.079,86.756,99.985,100.015,86.979,111.427,99.975,100.025,119.051,177.872,99.965,100.035,53.086,84.636,99.955,100.045,46.175,118.059,-1,99.995,10.934
2026-01-02T09:38:49+00:00,99.99,99.985,99.995,55.338,81.37,99.975,100.005,55.567,119.926,99.965,100.015,59.672,122.663,99.955,100.025,28.258,78.061,99.945,100.035,61.604,132.907,-1,99.985,22.064
2026-01-02T09:38:50+00:00,99.99,99.985,99.995,48.278,90.859,99.975,100.005,25.103,38.839,99.965,100.015,50.135,94.916,99.955,100.025,102.103,150.699,99.945,100.035,60.934,78.146,1,99.995,17.382
2026-01-02T09:38:51+00:00,99.99,99.985,99.995,60.782,64.346,99.975,100.005,74.669,116.178,99.965,100.015,41.836,51.354,99.955,100.025,76.278,81.891,99.945,100.035,135.06,150.637,-1,99.985,22.023
2026-01-02T09:38:52+00:00,99.99,99.975,100.005,39.439,51.824,99.965,100.015,100.711,109.118,99.955,100.025,32.849,50.339,99.945,100.035,80.787,98.25,99.935,100.045,130.409,177.686,-1,99.975,21.942
2026-01-02T09:38:53+00:00,99.99,99.985,99.995,84.577,95.772,99.975,100.005,43.396,56.177,99.965,100.015,78.518,86.155,99.955,100.025,44.937,49.192,99.945,100.035,117.622,136.682,-1,99.985,17.858
2026-01-02T09:38:54+00:00,99.99,99.985,99.995,45.054,73.927,99.975,100.005,68.787,112.033,99.965,100.015,38.842,59.381,99.955,100.025,87.349,113.174,99.945,100.035,68.592,151.456,-1,99.985,23.923
2026-01-02T09:38:55+00:00,99.99,99.985,99.995,66.754,90.285,99.975,100.005,43.844,50.82,99.965,100.015,90.727,115.607,99.955,100.025,98.365,129.894,99.945,100.035,146.735,197.33,-1,99.985,12.557
2026-01-02T09:38:56+00:00,99.99,99.985,99.995,34.739,62.286,99.975,100.005,37.321,39.042,99.965,100.015,70.293,86.889,99.955,100.025,81.414,96.954,99.945,100.035,82.473,164.096,-1,99.985,13.332
2026-01-02T09:38:57+00:00,99.99,99.985,99.995,43.018,77.065,99.975,100.005,41.479,67.277,99.965,100.015,52.912,89.955,99.955,100.025,73.074,118.439,99.945,100.035,92.356,163.952,-1,99.985,9.945
2026-01-02T09:38:58+00:00,99.99,99.985,99.995,58.818,90.91,99.975,100.005,66.664,114.77,99.965,100.015,72.307,184.93,99.955,100.025,49.233,89.981,99.945,100.035,49.117,75.942,-1,99.985,12.436
2026-01-02T09:38:59+00:00,99.98,99.975,99.985,50.951,67.759,99.965,99.995,36.798,61.875,99.955,100.005,68.942,137.68,99.945,100.015,128.167,167.152,99.935,100.025,59.304,132.207,-1,99.975,23.528
2026-01-02T09:39:00+00:00,99.98,99.975,99.985,41.373,101.403,99.965,99.995,85.672,208.925,99.955,100.005,23.734,34.262,99.945,100.015,45.603,101.843,99.935,100.025,74.245,173.966,-1,99.975,39.235
2026-01-02T09:39:01+00:00,99.98,99.975,99.985,81.882,122.582,99.965,99.995,46.438,81.547,99.955,100.005,31.124,72.633,99.945,100.015,57.969,108.698,99.935,100.025,153.513,318.431,1,99.985,14.258
2026-01-02T09:39:02+00:00,99.99,99.985,99.995,35.033,67.925,99.975,100.005,45.98,72.426,99.965,100.015,44.816,97.104,99.955,100.025,94.115,145.516,99.945,100.035,93.846,190.3,-1,99.985,10.092
2026-01-02T09:39:03+00:00,99.99,99.985,99.995,39.822,85.384,99.975,100.005,74.371,104.583,99.965,100.015,68.112,107.846,99.955,100.025,85.776,121.628,99.945,100.035,68.313,124.743,1,99.995,21.552
2026-01-02T09:39:04+00:00,99.99,99.985,99.995,57.661,52.463,99.975,100.005,96.75,107.428,99.965,100.015,41.968,51.759,99.955,100.025,94.136,105.302,99.945,100.035,95.997,89.602,1,99.995,17.365
2026-01-02T09:39:05+00:00,99.99,99.985,99.995,46.069,51.997,99.975,100.005,88.767,91.796,99.965,100.015,79.744,65.926,99.955,100.025,45.759,54.912,99.945,100.035,190.931,220.829,-1,99.985,5.249
2026-01-02T09:39:06+00:00,99.99,99.985,99.995,57.461,60.209,99.975,100.005,61.289,70.856,99.965,100.015,80.457,79.593,99.955,100.025,133.277,103.385,99.945,100.035,120.258,138.237,1,99.995,50.391
2026-01-02T09:39:07+00:00,99.99,99.98,100.0,47.986,61.273,99.97,100.01,64.154,82.084,99.96,100.02,58.739,82.119,99.95,100.03,109.353,106.747,99.94,100.04,93.475,92.55,1,100.0,14.935
2026-01-02T09:39:08+00:00,99.98,99.975,99.985,59.214,53.339,99.965,99.995,74.189,60.055,99.955,100.005,157.37,120.832,99.945,100.015,123.461,157.532,99.935,100.025,95.553,82.569,-1,99.975,15.394
2026-01-02T09:39:09+00:00,99.98,99.965,99.995,87.2,83.666,99.955,100.005,68.199,73.794,99.945,100.015,121.517,104.724,99.935,100.025,77.474,91.574,99.925,100.035,192.384,166.406,-1,99.965,7.389
2026-01-02T09:39:10+00:00,99.98,99.975,99.985,178.148,155.997,99.965,99.995,78.829,75.29,99.955,100.005,189.81,175.349,99.945,100.015,79.185,99.632,99.935,100.025,79.223,154.474,-1,99.975,19.863
2026-01-02T09:39:11+00:00,99.98,99.975,99.985,50.955,53.008,99.965,99.995,116.917,100.497,99.955,100.005,126.982,110.823,99.945,100.015,88.187,63.861,99.935,100.025,95.842,83.108,1,99.985,45.226
2026-01-02T09:39:12+00:00,99.98,99.97,99.99,60.419,46.13,99.96,100.0,121.414,79.196,99.95,100.01,147.434,100.456,99.94,100.02,98.12,69.782,99.93,100.03,100.035,73.631,1,99.99,12.463
2026-01-02T09:39:13+00:00,99.98,99.975,99.985,60.83,48.591,99.965,99.995,87.566,68.529,99.955,100.005,103.22,67.46,99.945,100.015,62.25,40.661,99.935,100.025,131.117,66.222,1,99.985,53.131
2026-01-02T09:39:14+00:00,99.98,99.975,99.985,103.989,57.552,99.965,99.995,56.377,48.69,99.955,100.005,57.813,39.623,99.945,100.015,146.145,117.782,99.935,100.025,72.257,44.508,-1,99.975,55.488
2026-01-02T09:39:15+00:00,99.98,99.975,99.985,64.77,31.183,99.965,99.995,69.353,55.958,99.955,100.005,98.712,77.708,99.945,100.015,97.236,68.661,99.935,100.025,69.996,51.29,-1,99.975,35.934
2026-01-02T09:39:16+00:00,99.98,99.975,99.985,78.867,57.801,99.965,99.995,88.072,56.306,99.955,100.005,78.976,38.12,99.945,100.015,77.416,75.055,99.935,100.025,97.166,75.517,1,99.985,13.178
2026-01-02T09:39:17+00:00,99.98,99.97,99.99,98.414,69.876,99.96,100.0,57.515,45.097,99.95,100.01,65.016,49.52,99.94,100.02,152.441,120.844,99.93,100.03,234.317,163.144,-1,99.97,43.191
2026-01-02T09:39:18+00:00,99.98,99.975,99.985,81.581,37.333,99.965,99.995,61.629,30.514,99.955,100.005,117.282,78.629,99.945,100.015,63.628,44.09,99.935,100.025,58.592,35.976,1,99.985,12.145
2026-01-02T09:39:19+00:00,99.98,99.97,99.99,55.193,50.184,99.96,100.0,71.57,44.679,99.95,100.01,102.502,91.631,99.94,100.02,77.756,71.581,99.93,100.03,160.877,111.834,1,99.99,6.174
2026-01-02T09:39:20+00:00,99.98,99.97,99.99,59.934,50.644,99.96,100.0,114.768,109.353,99.95,100.01,42.515,33.309,99.94,100.02,142.704,124.441,99.93,100.03,84.104,75.297,-1,99.97,41.746
2026-01-02T09:39:21+00:00,99.98,99.975,99.985,62.445,50.366,99.965,99.995,58.561,40.878,99.955,100.005,140.718,122.323,99.945,100.015,77.34,39.842,99.935,100.025,72.995,71.91,1,99.985,14.381
2026-01-02T09:39:22+00:00,99.98,99.97,99.99,100.294,83.749,99.96,100.0,27.37,31.468,99.95,100.01,71.581,62.796,99.94,100.02,140.016,131.835,99.93,100.03,89.035,69.528,1,99.99,4.094
2026-01-02T09:39:23+00:00,99.98,99.975,99.985,26.738,40.014,99.965,99.995,119.841,159.821,99.955,100.005,62.46,84.23,99.945,100.015,73.061,69.375,99.935,100.025,124.299,151.425,-1,99.975,9.594
2026-01-02T09:39:24+00:00,99.98,99.975,99.985,46.279,41.109,99.965,99.995,77.81,80.72,99.955,100.005,58.371,67.697,99.945,100.015,82.782,112.372,99.935,100.025,84.685,67.589,-1,99.975,24.276
2026-01-02T09:39:25+00:00,99.98,99.965,99.995,50.93,48.985,99.955,100.005,58.764,79.533,99.945,100.015,52.46,58.137,99.935,100.025,54.079,61.004,99.925,100.035,70.904,69.526,-1,99.965,11.672
2026-01-02T09:39:26+00:00,99.98,99.975,99.985,50.283,54.688,99.965,99.995,71.665,77.002,99.955,100.005,110.737,139.88,99.945,100.015,82.021,69.662,99.935,100.025,75.86,88.322,1,99.985,21.21
2026-01-02T09:39:27+00:00,99.98,99.97,99.99,48.065,47.435,99.96,100.0,65.312,69.721,99.95,100.01,39.886,58.572,99.94,100.02,73.763,107.216,99.93,100.03,72.829,80.288,-1,99.97,5.579
2026-01-02T09:39:28+00:00,99.98,99.975,99.985,59.16,104.32,99.965,99.995,41.765,56.879,99.955,100.005,58.532,67.112,99.945,100.015,81.425,140.163,99.935,100.025,89.627,102.986,1,99.985,21.741
2026-01-02T09:39:29+00:00,99.97,99.965,99.975,22.437,40.495,99.955,99.985,45.83,60.963,99.945,99.995,43.982,70.909,99.935,100.005,142.49,195.197,99.925,100.015,73.431,83.754,1,99.975,35.781
2026-01-02T09:39:30+00:00,99.97,99.965,99.975,83.013,85.594,99.955,99.985,31.844,39.039,99.945,99.995,33.29,42.328,99.935,100.005,87.996,86.543,99.925,100.015,93.25,106.083,1,99.975,19.189
2026-01-02T09:39:31+00:00,99.97,99.965,99.975,41.561,44.583,99.955,99.985,64.738,82.441,99.945,99.995,94.683,110.033,99.935,100.005,116.565,140.322,99.925,100.015,86.985,110.035,-1,99.965,15.42
2026-01-02T09:39:32+00:00,99.97,99.965,99.975,75.015,66.11,99.955,99.985,84.617,101.92,99.945,99.995,103.131,116.196,99.935,100.005,124.015,95.648,99.925,100.015,111.576,109.284,1,99.975,22.573
2026-01-02T09:39:33+00:00,99.97,99.965,99.975,63.134,48.471,99.955,99.985,124.319,117.862,99.945,99.995,92.757,92.499,99.935,100.005,103.203,120.255,99.925,100.015,117.39,152.055,1,99.975,9.009
2026-01-02T09:39:34+00:00,99.97,99.965,99.975,98.477,107.578,99.955,99.985,87.362,99.095,99.945,99.995,92.749,122.419,99.935,100.005,140.751,153.683,99.925,100.015,106.951,109.184,1,99.975,12.832
2026-01-02T09:39:35+00:00,99.97,99.965,99.975,76.797,77.315,99.955,99.985,66.08,71.129,99.945,99.995,83.726,100.747,99.935,100.005,91.904,87.158,99.925,100.015,219.624,262.388,1,99.975,13.119
2026-01-02T09:39:36+00:00,99.97,99.965,99.975,56.003,96.711,99.955,99.985,96.098,82.961,99.945,99.995,70.909,113.399,99.935,100.005,146.833,158.531,99.925,100.015,82.518,73.666,1,99.975,8.163
2026-01-02T09:39:37+00:00,99.96,99.955,99.965,40.457,40.522,99.945,99.975,43.658,40.557,99.935,99.985,109.924,86.558,99.925,99.995,106.601,75.509,99.915,100.005,121.554,136.24,1,99.965,12.972
2026-01-02T09:39:38+00:00,99.96,99.955,99.965,47.27,47.021,99.945,99.975,49.887,51.15,99.935,99.985,45.33,53.167,99.925,99.995,69.65,85.936,99.915,100.005,167.586,151.589,-1,99.955,24.377
2026-01-02T09:39:39+00:00,99.96,99.945,99.975,33.857,43.033,99.935,99.985,85.744,75.453,99.925,99.995,49.694,45.612,99.915,100.005,104.983,104.498,99.905,100.015,82.711,82.282,-1,99.945,18.157
2026-01-02T09:39:40+00:00,99.96,99.955,99.965,40.037,44.361,99.945,99.975,119.875,142.638,99.935,99.985,80.805,101.452,99.925,99.995,79.876,96.414,99.915,100.005,216.915,191.806,-1,99.955,16.873
2026-01-02T09:39:41+00:00,99.96,99.955,99.965,65.408,60.148,99.945,99.975,57.953,72.265,99.935,99.985,69.692,89.887,99.925,99.995,130.637,126.388,99.915,100.005,182.483,142.494,1,99.965,23.756
2026-01-02T09:39:42+00:00,99.96,99.955,99.965,60.471,47.695,99.945,99.975,93.905,79.76,99.935,99.985,56.171,71.15,99.925,99.995,78.657,72.935,99.915,100.005,215.991,248.563,1,99.965,11.485
2026-01-02T09:39:43+00:00,99.96,99.955,99.965,44.6,35.42,99.945,99.975,58.758,35.111,99.935,99.985,82.172,57.631,99.925,99.995,158.569,135.172,99.915,100.005,93.279,90.007,-1,99.955,24.782
2026-01-02T09:39:44+00:00,99.96,99.955,99.965,136.029,90.875,99.945,99.975,77.097,71.744,99.935,99.985,48.075,43.179,99.925,99.995,75.425,55.425,99.915,100.005,115.146,103.231,1,99.965,20.959
2026-01-02T09:39:45+00:00,99.96,99.955,99.965,82.415,78.725,99.945,99.975,50.941,43.187,99.935,99.985,89.595,70.042,99.925,99.995,92.109,99.487,99.915,100.005,82.363,73.893,1,99.965,22.0
2026-01-02T09:39:46+00:00,99.96,99.955,99.965,81.446,105.569,99.945,99.975,75.595,81.798,99.935,99.985,56.902,49.987,99.925,99.995,66.299,57.065,99.915,100.005,89.216,79.37,1,99.965,33.19
2026-01-02T09:39:47+00:00,99.96,99.95,99.97,54.764,58.892,99.94,99.98,68.017,67.507,99.93,99.99,73.955,98.238,99.92,100.0,126.327,90.664,99.91,100.01,160.826,119.73,1,99.97,9.556
2026-01-02T09:39:48+00:00,99.96,99.955,99.965,58.346,41.157,99.945,99.975,121.961,89.156,99.935,99.985,131.093,118.595,99.925,99.995,144.312,85.683,99.915,100.005,142.235,113.208,1,99.965,6.783
2026-01-02T09:39:49+00:00,99.96,99.955,99.965,82.947,54.983,99.945,99.975,145.301,102.486,99.935,99.985,53.316,54.498,99.925,99.995,92.796,61.621,99.915,100.005,86.769,64.648,-1,99.955,28.284
2026-01-02T09:39:50+00:00,99.96,99.955,99.965,40.993,34.099,99.945,99.975,114.535,88.911,99.935,99.985,122.525,111.807,99.925,99.995,96.533,74.662,99.915,100.005,246.061,183.47,-1,99.955,7.053
2026-01-02T09:39:51+00:00,99.95,99.945,99.955,39.762,50.714,99.935,99.965,120.065,122.471,99.925,99.975,60.026,86.635,99.915,99.985,74.286,101.328,99.905,99.995,129.916,157.627,1,99.955,17.087
2026-01-02T09:39:52+00:00,99.95,99.94,99.96,88.437,66.808,99.93,99.97,77.867,67.087,99.92,99.98,45.875,44.011,99.91,99.99,56.115,42.459,99.9,100.0,97.396,91.984,-1,99.94,15.689
2026-01-02T09:39:53+00:00,99.95,99.945,99.955,45.644,51.655,99.935,99.965,87.351,72.747,99.925,99.975,68.076,72.188,99.915,99.985,101.684,116.808,99.905,99.995,72.582,74.982,-1,99.945,26.585
2026-01-02T09:39:54+00:00,99.95,99.94,99.96,89.246,78.693,99.93,99.97,70.841,95.468,99.92,99.98,73.204,94.944,99.91,99.99,72.188,79.57,99.9,100.0,98.757,86.312,-1,99.94,12.749
2026-01-02T09:39:55+00:00,99.95,99.94,99.96,54.795,32.27,99.93,99.97,68.678,51.224,99.92,99.98,120.422,87.962,99.91,99.99,122.827,89.172,99.9,100.0,174.937,113.162,-1,99.94,24.893
2026-01-02T09:39:56+00:00,99.95,99.945,99.955,89.26,106.899,99.935,99.965,61.992,67.453,99.925,99.975,47.459,53.145,99.915,99.985,77.532,99.188,99.905,99.995,85.458,94.539,-1,99.945,26.065
2026-01-02T09:39:57+00:00,99.95,99.945,99.955,50.239,60.202,99.935,99.965,64.293,72.142,99.925,99.975,96.176,145.261,99.915,99.985,88.465,101.536,99.905,99.995,34.052,46.888,1,99.955,6.145
2026-01-02T09:39:58+00:00,99.95,99.945,99.955,61.375,79.472,99.935,99.965,84.548,91.07,99.925,99.975,163.561,221.343,99.915,99.985,123.224,148.675,99.905,99.995,90.171,174.522,1,99.955,32.63
2026-01-02T09:39:59+00:00,99.95,99.945,99.955,59.218,100.545,99.935,99.965,38.34,63.767,99.925,99.975,82.613,126.093,99.915,99.985,46.441,105.86,99.905,99.995,93.254,226.639,-1,99.945,14.876
2026-01-02T09:40:00+00:00,99.94,99.935,99.945,67.593,107.047,99.925,99.955,64.2,127.235,99.915,99.965,64.989,81.449,99.905,99.975,31.157,62.102,99.895,99.985,128.328,203.462,-1,99.935,10.072
2026-01-02T09:40:01+00:00,99.94,99.935,99.945,39.967,60.627,99.925,99.955,62.499,75.423,99.915,99.965,38.202,65.543,99.905,99.975,75.601,105.435,99.895,99.985,117.417,124.894,1,99.945,27.856
2026-01-02T09:40:02+00:00,99.94,99.93,99.95,32.979,50.175,99.92,99.96,60.192,107.474,99.91,99.97,133.124,187.106,99.9,99.98,52.779,72.973,99.89,99.99,81.785,112.981,-1,99.93,24.47
2026-01-02T09:40:03+00:00,99.94,99.935,99.945,62.517,83.52,99.925,99.955,75.442,91.594,99.915,99.965,69.577,98.502,99.905,99.975,67.479,91.125,99.895,99.985,72.982,119.604,-1,99.935,14.635
2026-01-02T09:40:04+00:00,99.94,99.935,99.945,34.692,50.557,99.925,99.955,71.38,103.526,99.915,99.965,58.512,108.672,99.905,99.975,50.14,90.835,99.895,99.985,45.428,71.618,-1,99.935,8.841
2026-01-02T09:40:05+00:00,99.94,99.935,99.945,36.587,57.528,99.925,99.955,44.707,77.42,99.915,99.965,47.6,90.224,99.905,99.975,40.366,60.738,99.895,99.985,56.486,86.416,1,99.945,34.068
2026-01-02T09:40:06+00:00,99.94,99.935,99.945,60.583,109.701,99.925,99.955,75.952,94.731,99.915,99.965,68.654,136.768,99.905,99.975,79.418,141.141,99.895,99.985,172.542,276.525,-1,99.935,17.235
2026-01-02T09:40:07+00:00,99.95,99.945,99.955,24.415,52.417,99.935,99.965,47.91,78.7,99.925,99.975,35.588,73.066,99.915,99.985,49.45,78.889,99.905,99.995,60.546,113.03,-1,99.945,9.171
2026-01-02T09:40:08+00:00,99.96,99.955,99.965,34.937,75.852,99.945,99.975,42.29,74.604,99.935,99.985,60.438,105.578,99.925,99.995,47.649,82.5,99.915,100.005,101.45,174.013,1,99.965,11.846
2026-01-02T09:40:09+00:00,99.96,99.955,99.965,56.707,65.279,99.945,99.975,77.678,107.271,99.935,99.985,77.965,134.218,99.925,99.995,78.972,122.115,99.915,100.005,75.288,127.179,-1,99.955,22.056
2026-01-02T09:40:10+00:00,99.96,99.955,99.965,41.494,53.846,99.945,99.975,51.41,64.421,99.935,99.985,76.055,72.657,99.925,99.995,107.204,170.916,99.915,100.005,63.954,116.982,-1,99.955,14.561
2026-01-02T09:40:11+00:00,99.96,99.955,99.965,28.383,33.03,99.945,99.975,27.814,48.17,99.935,99.985,63.681,88.854,99.925,99.995,81.465,86.827,99.915,100.005,78.655,94.411,-1,99.955,17.694
2026-01-02T09:40:12+00:00,99.96,99.955,99.965,83.984,55.293,99.945,99.975,77.122,76.836,99.935,99.985,135.605,140.196,99.925,99.995,70.485,72.849,99.915,100.005,103.846,88.454,-1,99.955,13.47
2026-01-02T09:40:13+00:00,99.95,99.945,99.955,57.08,52.978,99.935,99.965,100.687,75.576,99.925,99.975,107.098,86.067,99.915,99.985,116.056,108.212,99.905,99.995,105.57,99.48,1,99.955,7.636
2026-01-02T09:40:14+00:00,99.95,99.945,99.955,101.645,75.652,99.935,99.965,62.74,46.054,99.925,99.975,76.542,66.31,99.915,99.985,96.0,68.562,99.905,99.995,146.203,94.704,1,99.955,18.724
2026-01-02T09:40:15+00:00,99.95,99.945,99.955,61.545,77.989,99.935,99.965,52.753,45.967,99.925,99.975,61.766,60.581,99.915,99.985,72.424,82.083,99.905,99.995,137.398,136.117,1,99.955,11.514
2026-01-02T09:40:16+00:00,99.95,99.945,99.955,84.114,85.672,99.935,99.965,115.347,112.703,99.925,99.975,91.186,108.352,99.915,99.985,44.352,46.178,99.905,99.995,81.133,96.249,1,99.955,23.862
2026-01-02T09:40:17+00:00,99.95,99.945,99.955,49.588,74.931,99.935,99.965,46.385,80.357,99.925,99.975,47.49,78.433,99.915,99.985,42.563,73.842,99.905,99.995,135.216,204.072,1,99.955,20.926
2026-01-02T09:40:18+00:00,99.96,99.955,99.965,38.083,61.002,99.945,99.975,50.333,78.947,99.935,99.985,78.42,140.606,99.925,99.995,63.239,82.886,99.915,100.005,84.769,86.088,-1,99.955,42.616
2026-01-02T09:40:19+00:00,99.96,99.955,99.965,43.923,57.437,99.945,99.975,37.923,49.551,99.935,99.985,87.153,79.648,99.925,99.995,51.686,82.891,99.915,100.005,80.24,110.956,-1,99.955,19.351
2026-01-02T09:40:20+00:00,99.96,99.955,99.965,47.057,50.869,99.945,99.975,94.508,97.404,99.935,99.985,100.442,79.902,99.925,99.995,85.713,79.582,99.915,100.005,140.275,132.423,1,99.965,25.255
2026-01-02T09:40:21+00:00,99.96,99.95,99.97,80.694,69.18,99.94,99.98,101.075,60.499,99.93,99.99,110.682,83.779,99.92,100.0,102.089,86.499,99.91,100.01,65.23,61.082,-1,99.95,29.957
2026-01-02T09:40:22+00:00,99.96,99.95,99.97,50.341,46.489,99.94,99.98,105.447,73.092,99.93,99.99,58.866,54.553,99.92,100.0,132.848,116.359,99.91,100.01,118.714,71.878,-1,99.95,8.919
2026-01-02T09:40:23+00:00,99.96,99.955,99.965,59.377,46.711,99.945,99.975,111.608,86.265,99.935,99.985,131.81,80.428,99.925,99.995,162.005,106.779,99.915,100.005,134.756,93.664,-1,99.955,26.468
2026-01-02T09:40:24+00:00,99.96,99.955,99.965,58.333,44.224,99.945,99.975,68.926,53.055,99.935,99.985,79.78,75.079,99.925,99.995,157.703,103.535,99.915,100.005,126.923,87.572,-1,99.955,26.311
2026-01-02T09:40:25+00:00,99.96,99.955,99.965,56.988,47.757,99.945,99.975,91.247,67.786,99.935,99.985,116.674,68.421,99.925,99.995,106.804,85.847,99.915,100.005,119.631,86.92,-1,99.955,30.927
2026-01-02T09:40:26+00:00,99.96,99.955,99.965,158.221,136.896,99.945,99.975,137.247,70.038,99.935,99.985,161.826,74.538,99.925,99.995,84.79,66.835,99.915,100.005,95.417,86.638,1,99.965,7.451
2026-01-02T09:40:27+00:00,99.96,99.955,99.965,86.116,43.6,99.945,99.975,66.187,40.359,99.935,99.985,74.605,49.941,99.925,99.995,154.32,116.397,99.915,100.005,104.792,60.363,-1,99.955,10.699
2026-01-02T09:40:28+00:00,99.96,99.955,99.965,92.008,52.329,99.945,99.975,117.888,71.605,99.935,99.985,183.701,136.431,99.925,99.995,133.383,65.355,99.915,100.005,100.712,62.733,1,99.965,9.107
2026-01-02T09:40:29+00:00,99.96,99.955,99.965,78.744,38.834,99.945,99.975,78.502,39.208,99.935,99.985,73.548,41.637,99.925,99.995,146.087,83.09,99.915,100.005,88.977,49.354,1,99.965,17.99
2026-01-02T09:40:30+00:00,99.96,99.95,99.97,165.671,67.027,99.94,99.98,66.119,36.824,99.93,99.99,112.19,47.981,99.92,100.0,132.514,73.509,99.91,100.01,152.765,91.603,1,99.97,34.573
2026-01-02T09:40:31+00:00,99.97,99.965,99.975,50.345,28.427,99.955,99.985,110.926,77.534,99.945,99.995,87.975,53.748,99.935,100.005,96.51,54.808,99.925,100.015,91.197,69.092,1,99.975,24.236
2026-01-02T09:40:32+00:00,99.97,99.965,99.975,165.278,89.648,99.955,99.985,189.646,120.694,99.945,99.995,76.75,70.877,99.935,100.005,91.793,62.271,99.925,100.015,203.164,115.896,1,99.975,8.84
2026-01-02T09:40:33+00:00,99.97,99.965,99.975,189.203,85.119,99.955,99.985,86.824,51.425,99.945,99.995,54.566,30.328,99.935,100.005,141.685,123.411,99.925,100.015,128.157,56.912,1,99.975,33.317
2026-01-02T09:40:34+00:00,99.98,99.97,99.99,81.378,39.872,99.96,100.0,49.621,29.971,99.95,100.01,99.022,47.685,99.94,100.02,119.79,45.675,99.93,100.03,174.89,92.717,-1,99.97,13.552
2026-01-02T09:40:35+00:00,99.98,99.975,99.985,123.268,54.348,99.965,99.995,57.952,27.221,99.955,100.005,249.824,109.071,99.945,100.015,142.833,84.916,99.935,100.025,191.332,103.158,1,99.985,64.45
2026-01-02T09:40:36+00:00,99.98,99.975,99.985,126.191,80.515,99.965,99.995,71.926,42.857,99.955,100.005,119.342,78.905,99.945,100.015,123.165,67.487,99.935,100.025,110.869,57.105,1,99.985,11.347
2026-01-02T09:40:37+00:00,99.98,99.975,99.985,73.768,45.961,99.965,99.995,61.967,46.497,99.955,100.005,84.339,57.895,99.945,100.015,132.638,78.555,99.935,100.025,91.187,57.209,1,99.985,25.763
2026-01-02T09:40:38+00:00,99.98,99.97,99.99,35.785,39.276,99.96,100.0,75.357,89.01,99.95,100.01,75.942,56.107,99.94,100.02,92.404,85.979,99.93,100.03,89.729,69.798,1,99.99,18.109
2026-01-02T09:40:39+00:00,99.98,99.97,99.99,67.037,75.584,99.96,100.0,95.379,132.892,99.95,100.01,84.709,99.395,99.94,100.02,140.916,145.591,99.93,100.03,76.495,83.457,1,99.99,5.102
2026-01-02T09:40:40+00:00,99.98,99.975,99.985,98.789,142.787,99.965,99.995,35.525,67.997,99.955,100.005,114.552,147.378,99.945,100.015,48.927,96.423,99.935,100.025,144.48,207.676,1,99.985,9.6
2026-01-02T09:40:41+00:00,99.98,99.965,99.995,37.716,73.21,99.955,100.005,112.114,160.959,99.945,100.015,54.898,77.233,99.935,100.025,76.339,104.017,99.925,100.035,76.36,112.978,-1,99.965,25.008
2026-01-02T09:40:42+00:00,99.98,99.975,99.985,58.97,92.868,99.965,99.995,33.499,68.846,99.955,100.005,68.514,147.844,99.945,100.015,28.591,64.426,99.935,100.025,62.022,118.426,-1,99.975,9.426
2026-01-02T09:40:43+00:00,99.98,99.975,99.985,18.56,41.756,99.965,99.995,59.302,103.027,99.955,100.005,55.184,80.322,99.945,100.015,73.29,117.808,99.935,100.025,88.526,172.26,1,99.985,15.674
2026-01-02T09:40:44+00:00,99.98,99.975,99.985,73.624,96.559,99.965,99.995,61.982,101.407,99.955,100.005,52.692,73.181,99.945,100.015,56.932,79.319,99.935,100.025,81.867,113.384,-1,99.975,19.456
2026-01-02T09:40:45+00:00,99.98,99.975,99.985,61.254,116.542,99.965,99.995,29.161,49.553,99.955,100.005,42.724,90.628,99.945,100.015,99.07,175.592,99.935,100.025,46.146,104.066,-1,99.975,38.5
2026-01-02T09:40:46+00:00,99.97,99.965,99.975,43.982,83.494,99.955,99.985,67.235,109.765,99.945,99.995,90.01,183.09,99.935,100.005,51.219,98.607,99.925,100.015,93.707,166.437,-1,99.965,12.063
2026-01-02T09:40:47+00:00,99.97,99.965,99.975,53.651,74.882,99.955,99.985,60.496,84.205,99.945,99.995,62.616,116.957,99.935,100.005,64.722,120.781,99.925,100.015,71.584,143.126,-1,99.965,57.881
2026-01-02T09:40:48+00:00,99.96,99.955,99.965,39.123,54.832,99.945,99.975,38.654,56.076,99.935,99.985,86.433,134.881,99.925,99.995,125.156,235.741,99.915,100.005,93.262,149.036,-1,99.955,10.625
2026-01-02T09:40:49+00:00,99.95,99.945,99.955,41.15,82.697,99.935,99.965,30.472,47.968,99.925,99.975,50.458,90.614,99.915,99.985,74.0,126.824,99.905,99.995,75.477,164.269,-1,99.945,12.604
2026-01-02T09:40:50+00:00,99.95,99.94,99.96,36.908,91.451,99.93,99.97,44.406,77.204,99.92,99.98,81.129,199.232,99.91,99.99,43.697,103.568,99.9,100.0,98.437,140.378,-1,99.94,46.891
2026-01-02T09:40:51+00:00,99.94,99.935,99.945,33.904,55.085,99.925,99.955,60.166,156.297,99.915,99.965,77.85,190.627,99.905,99.975,66.895,133.902,99.895,99.985,54.08,120.589,-1,99.935,14.574
2026-01-02T09:40:52+00:00,99.94,99.925,99.955,38.914,73.551,99.915,99.965,53.521,138.938,99.905,99.975,71.003,192.505,99.895,99.985,104.598,151.702,99.885,99.995,43.319,113.373,-1,99.925,3.729
2026-01-02T09:40:53+00:00,99.93,99.92,99.94,44.463,86.155,99.91,99.95,47.412,106.828,99.9,99.96,68.553,162.953,99.89,99.97,44.919,119.123,99.88,99.98,74.133,126.376,-1,99.92,24.307
2026-01-02T09:40:54+00:00,99.93,99.925,99.935,37.296,55.524,99.915,99.945,81.873,212.695,99.905,99.955,42.458,98.069,99.895,99.965,85.948,149.308,99.885,99.975,80.127,133.224,1,99.935,14.577
2026-01-02T09:40:55+00:00,99.93,99.92,99.94,39.405,76.733,99.91,99.95,92.865,170.87,99.9,99.96,39.23,110.094,99.89,99.97,45.376,93.764,99.88,99.98,55.38,114.029,-1,99.92,11.131
2026-01-02T09:40:56+00:00,99.92,99.915,99.925,56.646,110.447,99.905,99.935,41.565,60.566,99.895,99.945,56.621,89.15,99.885,99.955,36.902,72.852,99.875,99.965,46.965,85.137,-1,99.915,13.599
2026-01-02T09:40:57+00:00,99.91,99.905,99.915,24.979,50.6,99.895,99.925,52.396,81.434,99.885,99.935,119.205,200.826,99.875,99.945,60.424,99.072,99.865,99.955,56.335,86.795,1,99.915,33.701
2026-01-02T09:40:58+00:00,99.91,99.905,99.915,29.131,54.711,99.895,99.925,66.332,114.959,99.885,99.935,65.46,133.44,99.875,99.945,49.398,61.939,99.865,99.955,56.789,109.071,-1,99.905,12.295
2026-01-02T09:40:59+00:00,99.91,99.905,99.915,56.01,81.427,99.895,99.925,37.121,64.349,99.885,99.935,66.118,123.824,99.875,99.945,65.219,89.686,99.865,99.955,53.566,80.665,-1,99.905,14.699
2026-01-02T09:41:00+00:00,99.91,99.9,99.92,51.449,91.561,99.89,99.93,44.689,103.427,99.88,99.94,86.842,147.304,99.87,99.95,30.259,51.037,99.86,99.96,53.351,96.223,-1,99.9,15.656
2026-01-02T09:41:01+00:00,99.91,99.905,99.915,61.724,68.049,99.895,99.925,36.548,68.01,99.885,99.935,119.076,176.592,99.875,99.945,42.597,56.256,99.865,99.955,197.055,433.81,-1,99.905,9.341
2026-01-02T09:41:02+00:00,99.91,99.905,99.915,73.806,107.805,99.895,99.925,50.855,87.008,99.885,99.935,56.69,108.665,99.875,99.945,62.271,104.833,99.865,99.955,94.67,115.634,-1,99.905,15.413
2026-01-02T09:41:03+00:00,99.91,99.9,99.92,34.652,74.9,99.89,99.93,80.989,165.412,99.88,99.94,80.223,167.803,99.87,99.95,38.614,62.199,99.86,99.96,59.724,121.188,-1,99.9,8.229
2026-01-02T09:41:04+00:00,99.91,99.9,99.92,26.535,71.036,99.89,99.93,35.353,60.936,99.88,99.94,32.619,65.639,99.87,99.95,45.284,79.336,99.86,99.96,124.079,286.414,-1,99.9,9.33
2026-01-02T09:41:05+00:00,99.91,99.905,99.915,55.379,116.078,99.895,99.925,95.897,163.778,99.885,99.935,71.755,177.421,99.875,99.945,88.49,234.452,99.865,99.955,61.252,148.964,1,99.915,31.21
2026-01-02T09:41:06+00:00,99.92,99.915,99.925,35.992,63.715,99.905,99.935,47.6,81.307,99.895,99.945,34.218,75.205,99.885,99.955,32.828,48.848,99.875,99.965,48.261,72.94,-1,99.915,7.975
2026-01-02T09:41:07+00:00,99.92,99.91,99.93,67.888,102.816,99.9,99.94,26.495,50.258,99.89,99.95,41.488,83.22,99.88,99.96,143.455,266.514,99.87,99.97,56.912,95.432,-1,99.91,34.74
2026-01-02T09:41:08+00:00,99.92,99.915,99.925,42.608,106.367,99.905,99.935,48.125,82.184,99.895,99.945,34.642,62.305,99.885,99.955,80.689,163.207,99.875,99.965,85.079,176.364,-1,99.915,27.202
2026-01-02T09:41:09+00:00,99.92,99.915,99.925,60.615,73.945,99.905,99.935,77.715,114.318,99.895,99.945,53.973,106.9,99.885,99.955,62.686,146.319,99.875,99.965,132.077,194.411,-1,99.915,24.215
2026-01-02T09:41:10+00:00,99.91,99.905,99.915,44.459,82.992,99.895,99.925,68.484,96.776,99.885,99.935,48.433,87.596,99.875,99.945,53.393,106.903,99.865,99.955,72.172,174.431,1,99.915,10.018
2026-01-02T09:41:11+00:00,99.91,99.905,99.915,56.421,92.011,99.895,99.925,59.592,74.104,99.885,99.935,75.531,132.064,99.875,99.945,83.684,150.217,99.865,99.955,89.991,132.165,1,99.915,11.108
2026-01-02T09:41:12+00:00,99.91,99.9,99.92,38.343,60.268,99.89,99.93,50.105,70.308,99.88,99.94,58.565,132.174,99.87,99.95,119.312,224.808,99.86,99.96,96.901,119.689,-1,99.9,15.738
2026-01-02T09:41:13+00:00,99.91,99.905,99.915,71.917,76.616,99.895,99.925,148.931,216.149,99.885,99.935,89.616,112.02,99.875,99.945,121.005,149.773,99.865,99.955,59.382,68.706,-1,99.905,20.055
2026-01-02T09:41:14+00:00,99.92,99.91,99.93,125.966,131.425,99.9,99.94,118.566,163.859,99.89,99.95,77.045,124.016,99.88,99.96,69.025,92.049,99.87,99.97,86.607,130.594,1,99.93,16.824
2026-01-02T09:41:15+00:00,99.92,99.915,99.925,37.256,50.693,99.905,99.935,54.487,66.371,99.895,99.945,76.857,94.765,99.885,99.955,118.535,113.181,99.875,99.965,78.507,106.252,-1,99.915,16.894
2026-01-02T09:41:16+00:00,99.92,99.915,99.925,40.271,57.071,99.905,99.935,59.638,64.499,99.895,99.945,68.547,107.455,99.885,99.955,142.57,150.999,99.875,99.965,132.229,197.17,-1,99.915,14.837
2026-01-02T09:41:17+00:00,99.92,99.915,99.925,60.129,55.497,99.905,99.935,37.084,41.703,99.895,99.945,84.174,113.538,99.885,99.955,83.759,82.482,99.875,99.965,111.194,148.174,-1,99.915,16.145
2026-01-02T09:41:18+00:00,99.92,99.91,99.93,49.195,98.248,99.9,99.94,51.028,85.982,99.89,99.95,132.119,220.539,99.88,99.96,47.256,75.396,99.87,99.97,83.479,128.126,1,99.93,10.626
2026-01-02T09:41:19+00:00,99.92,99.905,99.935,64.193,85.93,99.895,99.945,52.812,67.827,99.885,99.955,56.11,82.016,99.875,99.965,58.687,110.13,99.865,99.975,143.612,187.74,1,99.935,20.48
2026-01-02T09:41:20+00:00,99.92,99.915,99.925,39.568,59.965,99.905,99.935,41.35,86.301,99.895,99.945,97.627,159.894,99.885,99.955,71.061,140.419,99.875,99.965,80.962,175.802,-1,99.915,16.784
2026-01-02T09:41:21+00:00,99.92,99.91,99.93,37.856,57.744,99.9,99.94,32.09,64.848,99.89,99.95,36.526,58.159,99.88,99.96,70.79,107.044,99.87,99.97,59.604,72.175,1,99.93,52.329
2026-01-02T09:41:22+00:00,99.92,99.91,99.93,55.226,103.355,99.9,99.94,74.867,94.199,99.89,99.95,54.66,97.289,99.88,99.96,77.556,139.948,99.87,99.97,94.948,137.797,-1,99.91,9.353
2026-01-02T09:41:23+00:00,99.93,99.92,99.94,47.158,57.188,99.91,99.95,97.157,129.363,99.9,99.96,43.055,71.466,99.89,99.97,133.907,205.032,99.88,99.98,94.477,156.952,-1,99.92,32.537
2026-01-02T09:41:24+00:00,99.93,99.925,99.935,61.559,91.262,99.915,99.945,114.519,77.216,99.905,99.955,88.604,106.822,99.895,99.965,105.675,137.974,99.885,99.975,101.685,115.839,-1,99.925,21.575
2026-01-02T09:41:25+00:00,99.93,99.92,99.94,88.063,112.854,99.91,99.95,96.155,142.539,99.9,99.96,44.292,39.239,99.89,99.97,176.595,161.93,99.88,99.98,85.751,93.627,1,99.94,10.879
2026-01-02T09:41:26+00:00,99.93,99.925,99.935,37.683,39.542,99.915,99.945,98.953,114.307,99.905,99.955,158.754,170.632,99.895,99.965,39.938,53.077,99.885,99.975,120.434,135.137,-1,99.925,11.227
2026-01-02T09:41:27+00:00,99.93,99.925,99.935,48.534,61.889,99.915,99.945,73.287,66.024,99.905,99.955,55.52,64.631,99.895,99.965,77.122,95.121,99.885,99.975,94.023,67.979,-1,99.925,10.26
2026-01-02T09:41:28+00:00,99.93,99.92,99.94,47.388,60.394,99.91,99.95,91.597,67.704,99.9,99.96,112.865,132.181,99.89,99.97,94.728,80.318,99.88,99.98,44.691,46.189,1,99.94,25.604
2026-01-02T09:41:29+00:00,99.93,99.925,99.935,44.358,47.48,99.915,99.945,67.738,70.697,99.905,99.955,80.786,110.373,99.895,99.965,131.559,147.13,99.885,99.975,107.287,105.067,-1,99.925,25.819
2026-01-02T09:41:30+00:00,99.93,99.925,99.935,45.925,59.183,99.915,99.945,72.133,95.298,99.905,99.955,109.733,165.432,99.895,99.965,145.735,189.185,99.885,99.975,65.203,113.665,1,99.935,19.983
2026-01-02T09:41:31+00:00,99.93,99.925,99.935,41.274,84.326,99.915,99.945,43.632,68.638,99.905,99.955,51.467,101.335,99.895,99.965,77.523,164.148,99.885,99.975,68.788,153.229,-1,99.925,16.138
2026-01-02T09:41:32+00:00,99.93,99.925,99.935,76.165,173.652,99.915,99.945,64.875,190.292,99.905,99.955,36.09,74.992,99.895,99.965,109.444,201.468,99.885,99.975,58.396,111.746,-1,99.925,15.91
2026-01-02T09:41:33+00:00,99.93,99.92,99.94,34.883,85.698,99.91,99.95,70.819,136.828,99.9,99.96,64.28,119.284,99.89,99.97,117.46,195.253,99.88,99.98,86.257,137.539,-1,99.92,8.048
2026-01-02T09:41:34+00:00,99.93,99.925,99.935,44.236,102.026,99.915,99.945,101.413,174.718,99.905,99.955,69.678,133.794,99.895,99.965,44.868,91.877,99.885,99.975,96.843,224.345,1,99.935,20.767
2026-01-02T09:41:35+00:00,99.93,99.915,99.945,24.773,59.38,99.905,99.955,87.302,158.842,99.895,99.965,50.538,131.49,99.885,99.975,94.356,153.995,99.875,99.985,70.782,124.596,1,99.945,60.473
2026-01-02T09:41:36+00:00,99.94,99.935,99.945,37.184,87.366,99.925,99.955,36.18,93.961,99.915,99.965,64.254,140.163,99.905,99.975,57.709,121.213,99.895,99.985,122.001,207.243,-1,99.935,18.93
2026-01-02T09:41:37+00:00,99.94,99.93,99.95,38.168,76.353,99.92,99.96,34.57,75.837,99.91,99.97,78.795,156.54,99.9,99.98,49.847,115.781,99.89,99.99,78.492,166.549,-1,99.93,11.349
2026-01-02T09:41:38+00:00,99.93,99.925,99.935,58.764,85.612,99.915,99.945,41.723,52.944,99.905,99.955,41.44,63.237,99.895,99.965,52.643,78.272,99.885,99.975,82.951,143.241,-1,99.925,14.28
2026-01-02T09:41:39+00:00,99.92,99.915,99.925,33.765,68.819,99.905,99.935,62.387,134.86,99.895,99.945,74.588,148.338,99.885,99.955,68.592,143.216,99.875,99.965,55.467,114.64,-1,99.915,13.424
2026-01-02T09:41:40+00:00,99.92,99.915,99.925,34.016,64.268,99.905,99.935,36.739,76.635,99.895,99.945,21.518,65.044,99.885,99.955,45.069,104.657,99.875,99.965,62.927,146.299,1,99.925,31.885
2026-01-02T09:41:41+00:00,99.92,99.915,99.925,39.344,74.534,99.905,99.935,24.173,62.498,99.895,99.945,41.708,78.303,99.885,99.955,69.287,141.147,99.875,99.965,43.749,114.726,1,99.925,13.687
2026-01-02T09:41:42+00:00,99.92,99.915,99.925,59.989,121.626,99.905,99.935,54.647,108.43,99.895,99.945,50.334,76.93,99.885,99.955,81.763,144.433,99.875,99.965,80.238,145.335,-1,99.915,22.711
2026-01-02T09:41:43+00:00,99.92,99.91,99.93,43.014,72.626,99.9,99.94,44.79,106.85,99.89,99.95,42.869,99.288,99.88,99.96,53.524,138.44,99.87,99.97,70.531,146.185,-1,99.91,3.466
2026-01-02T09:41:44+00:00,99.92,99.915,99.925,24.571,63.225,99.905,99.935,88.16,187.882,99.895,99.945,71.366,145.906,99.885,99.955,86.934,178.869,99.875,99.965,61.44,150.377,-1,99.915,12.837
2026-01-02T09:41:45+00:00,99.92,99.915,99.925,46.924,101.563,99.905,99.935,42.386,72.187,99.895,99.945,63.798,109.928,99.885,99.955,40.507,86.228,99.875,99.965,76.401,181.769,-1,99.915,11.657
2026-01-02T09:41:46+00:00,99.92,99.91,99.93,73.587,127.182,99.9,99.94,69.178,122.242,99.89,99.95,69.937,133.739,99.88,99.96,45.582,92.507,99.87,99.97,47.018,117.859,1,99.93,7.872
2026-01-02T09:41:47+00:00,99.92,99.915,99.925,25.572,62.469,99.905,99.935,29.234,56.397,99.895,99.945,56.166,128.78,99.885,99.955,41.697,54.168,99.875,99.965,87.401,291.873,-1,99.915,33.439
2026-01-02T09:41:48+00:00,99.92,99.91,99.93,39.34,57.456,99.9,99.94,44.551,63.345,99.89,99.95,56.596,87.363,99.88,99.96,71.382,97.848,99.87,99.97,67.29,122.566,1,99.93,20.8
2026-01-02T09:41:49+00:00,99.92,99.91,99.93,71.226,111.036,99.9,99.94,51.031,115.569,99.89,99.95,66.521,80.366,99.88,99.96,80.394,107.63,99.87,99.97,99.034,131.661,-1,99.91,7.372
2026-01-02T09:41:50+00:00,99.91,99.905,99.915,23.985,66.751,99.895,99.925,71.565,108.277,99.885,99.935,38.16,76.972,99.875,99.945,85.588,120.426,99.865,99.955,67.935,134.205,-1,99.905,8.548
2026-01-02T09:41:51+00:00,99.91,99.9,99.92,66.876,88.489,99.89,99.93,42.393,55.693,99.88,99.94,66.408,86.435,99.87,99.95,156.378,172.523,99.86,99.96,41.134,84.112,1,99.92,40.167
2026-01-02T09:41:52+00:00,99.91,99.905,99.915,55.512,83.176,99.895,99.925,98.687,176.942,99.885,99.935,54.646,56.969,99.875,99.945,105.015,134.217,99.865,99.955,120.812,150.374,-1,99.905,16.86
2026-01-02T09:41:53+00:00,99.91,99.9,99.92,86.298,120.572,99.89,99.93,55.511,101.044,99.88,99.94,83.113,114.154,99.87,99.95,133.108,173.404,99.86,99.96,82.372,113.933,-1,99.9,8.937
2026-01-02T09:41:54+00:00,99.91,99.905,99.915,42.68,69.592,99.895,99.925,44.516,85.162,99.885,99.935,87.444,124.404,99.875,99.945,178.727,210.089,99.865,99.955,92.171,136.784,-1,99.905,14.05
2026-01-02T09:41:55+00:00,99.91,99.905,99.915,41.947,45.951,99.895,99.925,50.274,83.96,99.885,99.935,62.398,162.685,99.875,99.945,42.21,51.261,99.865,99.955,71.537,73.195,-1,99.905,30.909
2026-01-02T09:41:56+00:00,99.91,99.905,99.915,41.388,59.841,99.895,99.925,73.498,93.486,99.885,99.935,49.111,66.805,99.875,99.945,93.059,120.273,99.865,99.955,57.244,82.999,-1,99.905,21.358
2026-01-02T09:41:57+00:00,99.91,99.905,99.915,75.15,95.122,99.895,99.925,81.884,100.293,99.885,99.935,102.828,132.384,99.875,99.945,64.196,114.891,99.865,99.955,110.826,151.451,-1,99.905,5.096
2026-01-02T09:41:58+00:00,99.91,99.905,99.915,56.596,86.886,99.895,99.925,78.452,145.709,99.885,99.935,69.057,105.428,99.875,99.945,59.182,111.347,99.865,99.955,85.66,221.858,-1,99.905,10.901
2026-01-02T09:41:59+00:00,99.91,99.9,99.92,43.082,73.635,99.89,99.93,49.324,99.44,99.88,99.94,104.579,175.101,99.87,99.95,42.215,71.23,99.86,99.96,64.594,159.971,-1,99.9,16.869
2026-01-02T09:42:00+00:00,99.91,99.9,99.92,88.414,187.979,99.89,99.93,49.093,104.484,99.88,99.94,82.494,142.621,99.87,99.95,70.029,137.611,99.86,99.96,53.653,100.87,-1,99.9,9.863
2026-01-02T09:42:01+00:00,99.92,99.915,99.925,35.229,51.365,99.905,99.935,33.131,52.671,99.895,99.945,47.743,76.04,99.885,99.955,137.498,226.046,99.875,99.965,68.844,127.556,-1,99.915,21.228
2026-01-02T09:42:02+00:00,99.91,99.905,99.915,33.116,58.7,99.895,99.925,47.238,81.321,99.885,99.935,38.385,77.338,99.875,99.945,121.634,240.099,99.865,99.955,76.095,129.814,1,99.915,21.114
2026-01-02T09:42:03+00:00,99.91,99.9,99.92,97.457,173.067,99.89,99.93,78.778,148.959,99.88,99.94,103.476,115.338,99.87,99.95,80.743,146.866,99.86,99.96,79.694,100.127,-1,99.9,18.418
2026-01-02T09:42:04+00:00,99.9,99.895,99.905,52.871,103.8,99.885,99.915,55.279,114.062,99.875,99.925,49.13,83.927,99.865,99.935,39.475,72.231,99.855,99.945,92.22,132.929,-1,99.895,10.062
2026-01-02T09:42:05+00:00,99.9,99.895,99.905,53.272,95.158,99.885,99.915,117.048,141.789,99.875,99.925,64.165,87.4,99.865,99.935,102.222,150.795,99.855,99.945,90.12,127.305,-1,99.895,14.842
2026-01-02T09:42:06+00:00,99.9,99.895,99.905,55.315,68.593,99.885,99.915,68.076,47.351,99.875,99.925,84.508,96.155,99.865,99.935,130.546,117.585,99.855,99.945,121.954,139.485,-1,99.895,19.74
2026-01-02T09:42:07+00:00,99.9,99.885,99.915,36.529,51.134,99.875,99.925,49.446,80.493,99.865,99.935,52.593,58.148,99.855,99.945,70.767,99.693,99.845,99.955,112.286,107.85,-1,99.885,5.769
2026-01-02T09:42:08+00:00,99.9,99.89,99.91,59.324,91.743,99.88,99.92,57.4,108.128,99.87,99.93,98.069,155.268,99.86,99.94,71.693,156.27,99.85,99.95,61.428,86.98,-1,99.89,25.037
2026-01-02T09:42:09+00:00,99.9,99.89,99.91,44.22,69.605,99.88,99.92,71.486,81.636,99.87,99.93,39.748,52.157,99.86,99.94,69.082,95.521,99.85,99.95,160.683,190.546,-1,99.89,31.925
2026-01-02T09:42:10+00:00,99.9,99.895,99.905,46.059,54.885,99.885,99.915,36.255,50.802,99.875,99.925,52.305,75.068,99.865,99.935,113.338,168.112,99.855,99.945,96.046,125.942,-1,99.895,31.209
2026-01-02T09:42:11+00:00,99.9,99.895,99.905,96.903,111.509,99.885,99.915,60.93,61.323,99.875,99.925,120.034,109.28,99.865,99.935,117.344,120.834,99.855,99.945,73.384,112.028,1,99.905,9.903
2026-01-02T09:42:12+00:00,99.9,99.895,99.905,45.546,83.236,99.885,99.915,57.373,61.397,99.875,99.925,111.279,134.477,99.865,99.935,122.508,142.486,99.855,99.945,80.525,112.189,1,99.905,15.54
2026-01-02T09:42:13+00:00,99.9,99.895,99.905,170.239,172.414,99.885,99.915,73.22,56.268,99.875,99.925,59.659,81.166,99.865,99.935,68.629,57.393,99.855,99.945,200.201,248.714,1,99.905,38.554
2026-01-02T09:42:14+00:00,99.9,99.895,99.905,42.839,57.218,99.885,99.915,38.355,57.461,99.875,99.925,106.096,165.024,99.865,99.935,45.583,73.26,99.855,99.945,87.52,152.093,-1,99.895,10.724
2026-01-02T09:42:15+00:00,99.9,99.895,99.905,40.16,57.131,99.885,99.915,94.233,134.702,99.875,99.925,79.796,92.448,99.865,99.935,55.182,71.734,99.855,99.945,139.757,212.825,-1,99.895,39.591
2026-01-02T09:42:16+00:00,99.9,99.895,99.905,93.456,95.367,99.885,99.915,44.403,61.222,99.875,99.925,57.366,70.718,99.865,99.935,63.115,62.54,99.855,99.945,89.136,80.195,1,99.905,18.23
2026-01-02T09:42:17+00:00,99.89,99.885,99.895,93.343,82.583,99.875,99.905,96.748,97.729,99.865,99.915,57.42,60.063,99.855,99.925,99.721,78.562,99.845,99.935,78.382,81.144,-1,99.885,8.133
2026-01-02T09:42:18+00:00,99.89,99.885,99.895,55.142,47.937,99.875,99.905,64.817,54.175,99.865,99.915,65.61,58.562,99.855,99.925,77.084,50.518,99.845,99.935,104.336,96.981,-1,99.885,16.418
2026-01-02T09:42:19+00:00,99.89,99.885,99.895,82.442,79.704,99.875,99.905,79.046,68.419,99.865,99.915,80.141,75.983,99.855,99.925,97.143,85.9,99.845,99.935,152.528,160.666,-1,99.885,23.725
2026-01-02T09:42:20+00:00,99.89,99.885,99.895,40.765,48.736,99.875,99.905,46.19,71.632,99.865,99.915,52.251,67.367,99.855,99.925,116.413,113.091,99.845,99.935,116.639,173.081,1,99.895,20.169
2026-01-02T09:42:21+00:00,99.89,99.885,99.895,51.927,66.128,99.875,99.905,75.833,68.309,99.865,99.915,99.211,69.331,99.855,99.925,141.345,114.683,99.845,99.935,115.922,71.386,-1,99.885,27.769
2026-01-02T09:42:22+00:00,99.89,99.885,99.895,96.503,78.463,99.875,99.905,68.517,51.512,99.865,99.915,166.596,120.247,99.855,99.925,127.434,127.267,99.845,99.935,147.818,159.604,1,99.895,23.59
2026-01-02T09:42:23+00:00,99.89,99.885,99.895,46.636,45.12,99.875,99.905,65.897,78.813,99.865,99.915,44.77,52.48,99.855,99.925,60.651,69.665,99.845,99.935,61.815,66.378,-1,99.885,12.122
2026-01-02T09:42:24+00:00,99.89,99.885,99.895,48.258,67.467,99.875,99.905,72.499,66.142,99.865,99.915,70.261,77.231,99.855,99.925,103.306,90.017,99.845,99.935,77.878,90.932,-1,99.885,12.839
2026-01-02T09:42:25+00:00,99.89,99.875,99.905,47.676,49.533,99.865,99.915,58.976,67.326,99.855,99.925,67.936,117.818,99.845,99.935,92.778,136.993,99.835,99.945,75.387,124.326,-1,99.875,11.23
2026-01-02T09:42:26+00:00,99.89,99.88,99.9,72.355,82.711,99.87,99.91,72.078,83.712,99.86,99.92,47.678,77.408,99.85,99.93,120.421,155.823,99.84,99.94,105.209,143.518,-1,99.88,7.596
2026-01-02T09:42:27+00:00,99.89,99.885,99.895,66.785,159.682,99.875,99.905,67.659,97.258,99.865,99.915,109.294,138.227,99.855,99.925,76.322,106.784,99.845,99.935,101.471,145.451,-1,99.885,13.257
2026-01-02T09:42:28+00:00,99.89,99.885,99.895,24.535,45.284,99.875,99.905,43.572,83.683,99.865,99.915,110.649,179.197,99.855,99.925,39.816,71.641,99.845,99.935,108.919,132.444,1,99.895,17.949
2026-01-02T09:42:29+00:00,99.89,99.88,99.9,56.577,79.555,99.87,99.91,82.381,119.863,99.86,99.92,47.726,64.148,99.85,99.93,69.054,136.198,99.84,99.94,122.908,184.259,1,99.9,13.013
2026-01-02T09:42:30+00:00,99.89,99.885,99.895,83.208,113.961,99.875,99.905,73.54,102.967,99.865,99.915,43.437,48.722,99.855,99.925,46.715,45.762,99.845,99.935,135.881,162.228,-1,99.885,10.801
2026-01-02T09:42:31+00:00,99.9,99.895,99.905,40.202,43.211,99.885,99.915,64.147,73.676,99.875,99.925,90.578,126.303,99.865,99.935,134.088,118.179,99.855,99.945,56.246,73.524,-1,99.895,32.017
2026-01-02T09:42:32+00:00,99.9,99.89,99.91,30.342,49.396,99.88,99.92,68.672,111.599,99.87,99.93,36.954,53.868,99.86,99.94,100.405,127.27,99.85,99.95,54.732,100.253,-1,99.89,12.888
2026-01-02T09:42:33+00:00,99.89,99.885,99.895,92.573,147.949,99.875,99.905,49.444,76.052,99.865,99.915,45.158,78.963,99.855,99.925,105.6,176.223,99.845,99.935,72.154,134.531,-1,99.885,17.779
2026-01-02T09:42:34+00:00,99.89,99.88,99.9,42.839,59.528,99.87,99.91,52.441,79.745,99.86,99.92,84.408,168.363,99.85,99.93,71.203,106.461,99.84,99.94,48.517,97.323,1,99.9,6.755
2026-01-02T09:42:35+00:00,99.89,99.885,99.895,60.945,98.299,99.875,99.905,37.897,75.114,99.865,99.915,97.555,170.995,99.855,99.925,61.168,126.933,99.845,99.935,144.52,239.291,-1,99.885,8.016
2026-01-02T09:42:36+00:00,99.89,99.875,99.905,50.726,86.911,99.865,99.915,67.007,96.963,99.855,99.925,51.539,61.105,99.845,99.935,94.867,189.285,99.835,99.945,106.134,154.212,1,99.905,17.062
2026-01-02T09:42:37+00:00,99.89,99.885,99.895,51.305,64.509,99.875,99.905,44.601,102.1,99.865,99.915,37.246,60.079,99.855,99.925,38.928,77.323,99.845,99.935,59.043,122.069,-1,99.885,7.393
2026-01-02T09:42:38+00:00,99.88,99.875,99.885,59.84,91.988,99.865,99.895,39.947,76.612,99.855,99.905,60.683,127.49,99.845,99.915,47.304,122.608,99.835,99.925,114.774,167.409,-1,99.875,18.846
2026-01-02T09:42:39+00:00,99.88,99.87,99.89,52.277,102.131,99.86,99.9,39.486,70.673,99.85,99.91,40.239,90.361,99.84,99.92,75.899,142.464,99.83,99.93,99.476,147.283,-1,99.87,15.647
2026-01-02T09:42:40+00:00,99.88,99.875,99.885,57.951,114.432,99.865,99.895,72.011,97.38,99.855,99.905,54.852,77.875,99.845,99.915,63.44,107.946,99.835,99.925,46.777,94.386,-1,99.875,13.283
2026-01-02T09:42:41+00:00,99.88,99.875,99.885,54.525,85.565,99.865,99.895,33.295,41.058,99.855,99.905,90.3,132.063,99.845,99.915,80.097,98.757,99.835,99.925,57.012,77.105,1,99.885,20.213
2026-01-02T09:42:42+00:00,99.88,99.87,99.89,49.08,77.18,99.86,99.9,27.514,54.873,99.85,99.91,73.877,144.219,99.84,99.92,83.323,130.993,99.83,99.93,97.562,182.003,-1,99.87,19.102
2026-01-02T09:42:43+00:00,99.88,99.875,99.885,30.944,55.989,99.865,99.895,23.178,53.315,99.855,99.905,50.075,88.561,99.845,99.915,62.312,74.998,99.835,99.925,79.761,185.743,-1,99.875,15.18
2026-01-02T09:42:44+00:00,99.88,99.87,99.89,46.855,55.679,99.86,99.9,24.82,49.557,99.85,99.91,59.389,107.86,99.84,99.92,61.394,81.575,99.83,99.93,94.032,148.687,-1,99.87,24.814
2026-01-02T09:42:45+00:00,99.88,99.875,99.885,56.83,87.416,99.865,99.895,80.883,124.162,99.855,99.905,70.01,105.99,99.845,99.915,125.575,182.666,99.835,99.925,126.709,218.277,1,99.885,28.803
2026-01-02T09:42:46+00:00,99.87,99.865,99.875,49.201,67.022,99.855,99.885,37.713,39.229,99.845,99.895,62.548,110.894,99.835,99.905,52.954,86.194,99.825,99.915,64.55,97.953,-1,99.865,10.484
2026-01-02T09:42:47+00:00,99.86,99.855,99.865,32.821,63.322,99.845,99.875,95.882,159.424,99.835,99.885,67.817,107.015,99.825,99.895,93.822,107.368,99.815,99.905,121.866,219.494,-1,99.855,19.667
2026-01-02T09:42:48+00:00,99.86,99.85,99.87,55.067,104.509,99.84,99.88,30.808,49.065,99.83,99.89,51.241,94.621,99.82,99.9,58.276,72.354,99.81,99.91,52.51,104.214,1,99.87,16.098
2026-01-02T09:42:49+00:00,99.86,99.855,99.865,46.416,51.591,99.845,99.875,59.709,81.261,99.835,99.885,64.43,97.109,99.825,99.895,61.702,74.932,99.815,99.905,99.543,116.784,-1,99.855,9.397
2026-01-02T09:42:50+00:00,99.86,99.855,99.865,49.58,73.655,99.845,99.875,67.106,124.291,99.835,99.885,76.988,150.04,99.825,99.895,83.934,222.84,99.815,99.905,59.356,105.938,-1,99.855,8.925
2026-01-02T09:42:51+00:00,99.86,99.855,99.865,49.625,100.274,99.845,99.875,84.294,140.8,99.835,99.885,90.894,201.873,99.825,99.895,99.589,161.353,99.815,99.905,65.786,130.175,1,99.865,31.68
2026-01-02T09:42:52+00:00,99.86,99.855,99.865,27.122,59.78,99.845,99.875,37.628,71.367,99.835,99.885,45.995,106.335,99.825,99.895,101.953,210.528,99.815,99.905,68.128,137.86,-1,99.855,5.819
2026-01-02T09:42:53+00:00,99.86,99.855,99.865,26.12,68.883,99.845,99.875,30.466,85.37,99.835,99.885,63.039,117.322,99.825,99.895,68.651,100.125,99.815,99.905,37.781,83.176,-1,99.855,23.419
2026-01-02T09:42:54+00:00,99.85,99.845,99.855,39.119,72.111,99.835,99.865,33.231,62.111,99.825,99.875,37.592,59.906,99.815,99.885,43.942,73.935,99.805,99.895,89.428,179.675,-1,99.845,13.156
2026-01-02T09:42:55+00:00,99.85,99.835,99.865,101.575,121.446,99.825,99.875,95.927,124.928,99.815,99.885,58.206,75.871,99.805,99.895,104.422,155.698,99.795,99.905,54.864,64.889,-1,99.835,15.485
2026-01-02T09:42:56+00:00,99.85,99.845,99.855,53.86,71.99,99.835,99.865,62.317,76.352,99.825,99.875,53.849,64.005,99.815,99.885,50.459,72.863,99.805,99.895,79.696,75.347,1,99.855,11.302
2026-01-02T09:42:57+00:00,99.85,99.84,99.86,93.8,122.979,99.83,99.87,46.316,46.743,99.82,99.88,49.779,60.989,99.81,99.89,93.539,116.913,99.8,99.9,131.564,222.94,-1,99.84,13.445
2026-01-02T09:42:58+00:00,99.85,99.84,99.86,94.915,141.048,99.83,99.87,38.466,80.293,99.82,99.88,80.278,107.892,99.81,99.89,92.124,133.419,99.8,99.9,50.824,107.142,1,99.86,27.768
2026-01-02T09:42:59+00:00,99.85,99.845,99.855,53.154,95.365,99.835,99.865,48.723,86.413,99.825,99.875,78.39,119.834,99.815,99.885,143.006,233.297,99.805,99.895,72.943,108.598,-1,99.845,9.444
2026-01-02T09:43:00+00:00,99.84,99.835,99.845,42.499,55.149,99.825,99.855,51.409,52.105,99.815,99.865,48.7,81.952,99.805,99.875,43.922,48.12,99.795,99.885,86.997,168.523,-1,99.835,11.14
2026-01-02T09:43:01+00:00,99.83,99.825,99.835,43.309,72.689,99.815,99.845,66.84,116.377,99.805,99.855,66.423,116.615,99.795,99.865,39.311,73.247,99.785,99.875,201.745,228.637,1,99.835,25.78
2026-01-02T09:43:02+00:00,99.83,99.82,99.84,70.687,72.781,99.81,99.85,55.753,62.994,99.8,99.86,41.498,51.773,99.79,99.87,93.435,109.422,99.78,99.88,77.013,116.874,-1,99.82,12.954
2026-01-02T09:43:03+00:00,99.83,99.825,99.835,44.492,64.179,99.815,99.845,88.569,109.594,99.805,99.855,149.271,191.91,99.795,99.865,77.148,83.185,99.785,99.875,67.223,62.063,1,99.835,10.133
2026-01-02T09:43:04+00:00,99.84,99.835,99.845,79.459,72.623,99.825,99.855,52.684,56.051,99.815,99.865,60.392,84.33,99.805,99.875,41.947,59.548,99.795,99.885,69.867,58.335,-1,99.835,14.947
2026-01-02T09:43:05+00:00,99.84,99.835,99.845,75.602,95.498,99.825,99.855,49.245,65.84,99.815,99.865,58.604,85.886,99.805,99.875,44.901,59.069,99.795,99.885,110.117,151.845,-1,99.835,9.617
2026-01-02T09:43:06+00:00,99.84,99.835,99.845,32.763,44.646,99.825,99.855,54.515,56.157,99.815,99.865,38.66,45.006,99.805,99.875,81.863,113.976,99.795,99.885,56.338,62.893,1,99.845,17.331
2026-01-02T09:43:07+00:00,99.84,99.835,99.845,38.74,54.206,99.825,99.855,79.5,87.884,99.815,99.865,83.139,98.853,99.805,99.875,84.657,84.736,99.795,99.885,80.68,98.656,-1,99.835,37.093
2026-01-02T09:43:08+00:00,99.83,99.825,99.835,95.101,112.765,99.815,99.845,38.65,36.279,99.805,99.855,114.94,121.937,99.795,99.865,58.072,68.079,99.785,99.875,130.412,155.048,1,99.835,31.495
2026-01-02T09:43:09+00:00,99.83,99.825,99.835,97.928,100.839,99.815,99.845,101.871,151.428,99.805,99.855,79.507,74.465,99.795,99.865,57.182,72.232,99.785,99.875,87.767,92.328,-1,99.825,43.071
2026-01-02T09:43:10+00:00,99.83,99.825,99.835,57.817,92.678,99.815,99.845,54.829,85.914,99.805,99.855,81.484,157.519,99.795,99.865,58.712,127.038,99.785,99.875,52.576,89.6,1,99.835,16.502
2026-01-02T09:43:11+00:00,99.83,99.825,99.835,43.657,59.413,99.815,99.845,59.94,73.696,99.805,99.855,111.73,167.694,99.795,99.865,94.72,140.06,99.785,99.875,59.441,125.214,-1,99.825,25.895
2026-01-02T09:43:12+00:00,99.83,99.815,99.845,25.436,51.185,99.805,99.855,40.619,71.598,99.795,99.865,48.638,119.105,99.785,99.875,64.651,103.221,99.775,99.885,76.377,138.551,1,99.845,45.621
2026-01-02T09:43:13+00:00,99.83,99.82,99.84,84.274,112.477,99.81,99.85,41.735,88.595,99.8,99.86,102.27,146.695,99.79,99.87,120.173,186.384,99.78,99.88,59.606,118.615,1,99.84,23.0
2026-01-02T09:43:14+00:00,99.83,99.825,99.835,53.909,79.185,99.815,99.845,51.123,110.532,99.805,99.855,45.537,65.122,99.795,99.865,59.887,95.802,99.785,99.875,80.153,123.122,-1,99.825,13.901
2026-01-02T09:43:15+00:00,99.83,99.825,99.835,60.307,104.589,99.815,99.845,43.018,70.168,99.805,99.855,44.108,46.615,99.795,99.865,93.343,202.249,99.785,99.875,36.178,75.452,-1,99.825,13.66
2026-01-02T09:43:16+00:00,99.83,99.825,99.835,36.398,79.026,99.815,99.845,32.636,61.485,99.805,99.855,55.882,103.177,99.795,99.865,57.165,115.465,99.785,99.875,75.999,138.537,-1,99.825,12.631
2026-01-02T09:43:17+00:00,99.83,99.825,99.835,31.136,46.045,99.815,99.845,70.223,107.627,99.805,99.855,93.869,210.213,99.795,99.865,69.542,156.591,99.785,99.875,66.834,110.46,-1,99.825,12.081
2026-01-02T09:43:18+00:00,99.83,99.825,99.835,43.054,63.046,99.815,99.845,45.267,68.554,99.805,99.855,74.849,131.625,99.795,99.865,98.18,129.381,99.785,99.875,76.303,92.181,1,99.835,13.377
2026-01-02T09:43:19+00:00,99.83,99.82,99.84,51.148,80.903,99.81,99.85,58.471,93.096,99.8,99.86,64.135,124.816,99.79,99.87,115.478,204.217,99.78,99.88,83.504,137.811,1,99.84,7.848
2026-01-02T09:43:20+00:00,99.83,99.82,99.84,65.206,137.879,99.81,99.85,49.35,88.412,99.8,99.86,86.008,181.914,99.79,99.87,42.76,64.412,99.78,99.88,58.851,126.611,-1,99.82,13.005
2026-01-02T09:43:21+00:00,99.83,99.82,99.84,46.625,83.567,99.81,99.85,102.238,151.189,99.8,99.86,156.318,238.821,99.79,99.87,87.809,140.327,99.78,99.88,40.957,60.992,1,99.84,14.769
2026-01-02T09:43:22+00:00,99.83,99.825,99.835,37.946,90.592,99.815,99.845,65.276,150.119,99.805,99.855,69.025,152.914,99.795,99.865,47.025,89.361,99.785,99.875,50.654,108.388,-1,99.825,21.813
2026-01-02T09:43:23+00:00,99.82,99.81,99.83,50.525,52.492,99.8,99.84,30.467,48.64,99.79,99.85,33.696,59.057,99.78,99.86,106.965,194.274,99.77,99.87,38.351,65.632,1,99.83,20.686
2026-01-02T09:43:24+00:00,99.81,99.805,99.815,54.601,81.775,99.795,99.825,62.795,114.881,99.785,99.835,66.446,103.697,99.775,99.845,54.169,91.987,99.765,99.855,103.625,143.766,1,99.815,6.368
2026-01-02T09:43:25+00:00,99.81,99.8,99.82,47.942,61.453,99.79,99.83,43.79,111.127,99.78,99.84,50.15,85.974,99.77,99.85,38.591,73.505,99.76,99.86,60.073,125.992,1,99.82,22.726
2026-01-02T09:43:26+00:00,99.81,99.805,99.815,62.349,73.546,99.795,99.825,34.158,41.75,99.785,99.835,51.185,105.669,99.775,99.845,78.682,88.279,99.765,99.855,73.937,89.292,-1,99.805,8.126
2026-01-02T09:43:27+00:00,99.81,99.805,99.815,39.83,64.816,99.795,99.825,91.254,133.658,99.785,99.835,155.232,245.311,99.775,99.845,63.67,101.978,99.765,99.855,116.747,194.277,-1,99.805,18.443
2026-01-02T09:43:28+00:00,99.81,99.805,99.815,110.835,164.389,99.795,99.825,34.875,65.715,99.785,99.835,134.81,218.857,99.775,99.845,92.746,156.161,99.765,99.855,136.063,217.025,1,99.815,16.264
2026-01-02T09:43:29+00:00,99.8,99.795,99.805,45.316,86.069,99.785,99.815,29.467,67.231,99.775,99.825,59.843,117.973,99.765,99.835,71.834,169.059,99.755,99.845,56.013,116.934,-1,99.795,16.228
2026-01-02T09:43:30+00:00,99.8,99.795,99.805,40.61,66.205,99.785,99.815,46.047,87.657,99.775,99.825,82.294,128.553,99.765,99.835,26.526,47.706,99.755,99.845,53.229,108.424,-1,99.795,28.342
2026-01-02T09:43:31+00:00,99.8,99.795,99.805,31.945,86.29,99.785,99.815,62.532,107.43,99.775,99.825,34.647,82.907,99.765,99.835,117.82,219.019,99.755,99.845,64.002,167.392,1,99.805,18.972
2026-01-02T09:43:32+00:00,99.79,99.785,99.795,36.473,63.969,99.775,99.805,82.294,142.349,99.765,99.815,92.873,128.394,99.755,99.825,42.507,104.864,99.745,99.835,41.62,102.997,-1,99.785,15.477
2026-01-02T09:43:33+00:00,99.78,99.775,99.785,58.302,89.451,99.765,99.795,35.734,72.589,99.755,99.805,43.157,69.67,99.745,99.815,63.683,135.562,99.735,99.825,81.669,156.794,1,99.785,11.969
2026-01-02T09:43:34+00:00,99.77,99.765,99.775,76.92,72.813,99.755,99.785,87.554,117.849,99.745,99.795,67.371,93.604,99.735,99.805,86.256,136.482,99.725,99.815,118.285,137.659,-1,99.765,23.648
2026-01-02T09:43:35+00:00,99.76,99.755,99.765,57.002,88.896,99.745,99.775,71.443,103.695,99.735,99.785,40.844,61.627,99.725,99.795,98.063,186.256,99.715,99.805,44.232,78.803,-1,99.755,41.407
2026-01-02T09:43:36+00:00,99.76,99.75,99.77,50.207,68.6,99.74,99.78,78.532,131.606,99.73,99.79,75.514,126.203,99.72,99.8,54.18,93.665,99.71,99.81,62.457,101.711,-1,99.75,10.432
2026-01-02T09:43:37+00:00,99.76,99.755,99.765,60.368,145.525,99.745,99.775,58.11,80.746,99.735,99.785,92.565,143.225,99.725,99.795,57.877,100.431,99.715,99.805,84.383,124.4,1,99.765,12.763
2026-01-02T09:43:38+00:00,99.76,99.755,99.765,53.248,74.434,99.745,99.775,32.362,47.419,99.735,99.785,44.526,72.354,99.725,99.795,47.57,93.17,99.715,99.805,48.098,63.845,1,99.765,14.75
2026-01-02T09:43:39+00:00,99.76,99.755,99.765,69.894,89.554,99.745,99.775,53.014,95.145,99.735,99.785,125.31,209.866,99.725,99.795,167.16,272.897,99.715,99.805,72.943,140.329,1,99.765,12.29
2026-01-02T09:43:40+00:00,99.76,99.755,99.765,43.554,59.409,99.745,99.775,48.249,93.491,99.735,99.785,88.882,151.661,99.725,99.795,62.595,126.476,99.715,99.805,138.755,206.244,-1,99.755,8.228
2026-01-02T09:43:41+00:00,99.76,99.755,99.765,39.425,68.665,99.745,99.775,56.813,106.002,99.735,99.785,40.571,70.298,99.725,99.795,54.329,115.401,99.715,99.805,146.959,250.952,1,99.765,20.555
2026-01-02T09:43:42+00:00,99.75,99.745,99.755,50.467,106.295,99.735,99.765,72.596,101.467,99.725,99.775,32.17,58.694,99.715,99.785,34.807,88.84,99.705,99.795,63.68,110.801,1,99.755,46.14
2026-01-02T09:43:43+00:00,99.75,99.74,99.76,43.275,90.472,99.73,99.77,93.475,196.135,99.72,99.78,52.103,87.911,99.71,99.79,88.944,97.526,99.7,99.8,75.056,147.95,-1,99.74,17.293
2026-01-02T09:43:44+00:00,99.75,99.745,99.755,77.531,179.213,99.735,99.765,42.655,87.225,99.725,99.775,54.94,118.93,99.715,99.785,96.582,239.42,99.705,99.795,55.561,94.957,-1,99.745,11.114
2026-01-02T09:43:45+00:00,99.76,99.75,99.77,34.796,92.677,99.74,99.78,61.214,136.321,99.73,99.79,93.025,181.933,99.72,99.8,63.005,151.264,99.71,99.81,49.837,113.084,-1,99.75,30.208
2026-01-02T09:43:46+00:00,99.75,99.745,99.755,37.263,74.823,99.735,99.765,49.255,86.968,99.725,99.775,100.484,177.51,99.715,99.785,122.429,207.604,99.705,99.795,51.574,89.108,-1,99.745,9.23
2026-01-02T09:43:47+00:00,99.74,99.735,99.745,36.071,66.941,99.725,99.755,41.823,74.856,99.715,99.765,46.276,89.502,99.705,99.775,69.287,139.922,99.695,99.785,47.256,130.134,-1,99.735,9.727
2026-01-02T09:43:48+00:00,99.74,99.725,99.755,54.632,77.579,99.715,99.765,48.771,98.635,99.705,99.775,102.521,165.761,99.695,99.785,52.634,85.67,99.685,99.795,80.808,162.139,1,99.755,20.348
2026-01-02T09:43:49+00:00,99.73,99.725,99.735,33.112,74.365,99.715,99.745,59.343,102.948,99.705,99.755,64.687,139.934,99.695,99.765,73.549,160.128,99.685,99.775,39.126,76.199,-1,99.725,7.56
2026-01-02T09:43:50+00:00,99.73,99.725,99.735,39.037,44.741,99.715,99.745,41.981,95.923,99.705,99.755,60.006,88.549,99.695,99.765,86.972,169.231,99.685,99.775,72.852,127.712,1,99.735,19.044
2026-01-02T09:43:51+00:00,99.73,99.725,99.735,67.375,141.323,99.715,99.745,83.786,124.032,99.705,99.755,69.652,97.924,99.695,99.765,53.78,122.012,99.685,99.775,82.639,154.08,1,99.735,28.39
2026-01-02T09:43:52+00:00,99.73,99.725,99.735,46.287,100.281,99.715,99.745,81.979,159.844,99.705,99.755,110.652,191.318,99.695,99.765,107.964,168.005,99.685,99.775,169.391,352.169,-1,99.725,27.943
2026-01-02T09:43:53+00:00,99.73,99.725,99.735,51.826,89.644,99.715,99.745,65.366,167.705,99.705,99.755,61.699,125.549,99.695,99.765,115.671,236.874,99.685,99.775,33.616,90.958,-1,99.725,6.238
2026-01-02T09:43:54+00:00,99.73,99.725,99.735,28.419,52.755,99.715,99.745,45.443,89.669,99.705,99.755,83.652,179.421,99.695,99.765,56.352,142.577,99.685,99.775,60.867,107.915,-1,99.725,18.432
2026-01-02T09:43:55+00:00,99.73,99.725,99.735,48.062,84.238,99.715,99.745,30.314,68.033,99.705,99.755,57.372,130.509,99.695,99.765,72.544,169.398,99.685,99.775,92.195,248.47,-1,99.725,14.553
2026-01-02T09:43:56+00:00,99.72,99.715,99.725,42.748,90.049,99.705,99.735,35.055,83.029,99.695,99.745,44.964,127.803,99.685,99.755,65.616,99.293,99.675,99.765,69.925,132.748,1,99.725,4.425
2026-01-02T09:43:57+00:00,99.72,99.71,99.73,68.988,104.053,99.7,99.74,76.539,109.618,99.69,99.75,97.624,162.287,99.68,99.76,87.857,208.577,99.67,99.77,145.822,225.687,-1,99.71,6.602
2026-01-02T09:43:58+00:00,99.72,99.71,99.73,66.666,95.918,99.7,99.74,71.204,117.04,99.69,99.75,114.818,141.778,99.68,99.76,96.368,175.168,99.67,99.77,102.23,171.585,1,99.73,12.181
2026-01-02T09:43:59+00:00,99.72,99.715,99.725,31.373,35.828,99.705,99.735,59.318,65.918,99.695,99.745,116.598,135.319,99.685,99.755,89.795,107.746,99.675,99.765,101.66,139.437,-1,99.715,20.222
2026-01-02T09:44:00+00:00,99.72,99.71,99.73,43.922,58.59,99.7,99.74,86.0,120.375,99.69,99.75,67.208,104.815,99.68,99.76,94.367,107.425,99.67,99.77,42.821,64.268,1,99.73,14.475
2026-01-02T09:44:01+00:00,99.72,99.715,99.725,54.775,69.115,99.705,99.735,83.171,140.372,99.695,99.745,73.575,90.509,99.685,99.755,77.455,128.041,99.675,99.765,112.017,123.77,1,99.725,15.181
2026-01-02T09:44:02+00:00,99.72,99.715,99.725,58.642,73.85,99.705,99.735,75.354,112.922,99.695,99.745,116.691,107.814,99.685,99.755,104.699,169.682,99.675,99.765,77.225,88.934,-1,99.715,14.452
2026-01-02T09:44:03+00:00,99.72,99.715,99.725,51.895,99.729,99.705,99.735,49.063,69.228,99.695,99.745,104.907,109.77,99.685,99.755,109.337,125.614,99.675,99.765,64.316,99.921,-1,99.715,22.271
2026-01-02T09:44:04+00:00,99.72,99.715,99.725,93.85,146.459,99.705,99.735,42.251,71.751,99.695,99.745,80.458,201.049,99.685,99.755,101.332,225.978,99.675,99.765,59.802,87.801,1,99.725,6.645
2026-01-02T09:44:05+00:00,99.72,99.71,99.73,58.276,131.574,99.7,99.74,49.228,115.669,99.69,99.75,46.513,109.387,99.68,99.76,80.241,181.079,99.67,99.77,65.303,136.377,-1,99.71,14.033
2026-01-02T09:44:06+00:00,99.72,99.715,99.725,64.267,103.235,99.705,99.735,58.769,86.176,99.695,99.745,101.381,158.499,99.685,99.755,112.19,174.279,99.675,99.765,96.89,162.599,-1,99.715,23.3
2026-01-02T09:44:07+00:00,99.72,99.715,99.725,46.861,63.793,99.705,99.735,51.567,100.558,99.695,99.745,44.254,50.453,99.685,99.755,86.087,115.888,99.675,99.765,63.619,83.686,1,99.725,48.259
2026-01-02T09:44:08+00:00,99.72,99.705,99.735,41.029,76.696,99.695,99.745,58.724,70.274,99.685,99.755,25.778,52.056,99.675,99.765,116.902,127.107,99.665,99.775,35.156,58.138,-1,99.705,16.351
2026-01-02T09:44:09+00:00,99.72,99.71,99.73,64.979,107.898,99.7,99.74,59.906,84.882,99.69,99.75,72.644,99.908,99.68,99.76,95.442,133.005,99.67,99.77,132.852,182.573,-1,99.71,7.351
2026-01-02T09:44:10+00:00,99.71,99.705,99.715,76.028,134.899,99.695,99.725,58.243,81.396,99.685,99.735,72.512,93.487,99.675,99.745,118.135,145.161,99.665,99.755,84.706,141.06,-1,99.705,15.637
2026-01-02T09:44:11+00:00,99.71,99.705,99.715,57.591,69.34,99.695,99.725,50.696,68.604,99.685,99.735,66.733,105.268,99.675,99.745,54.57,81.62,99.665,99.755,87.179,137.718,-1,99.705,15.096
2026-01-02T09:44:12+00:00,99.7,99.69,99.71,54.257,69.701,99.68,99.72,51.933,57.77,99.67,99.73,147.412,163.948,99.66,99.74,110.384,116.799,99.65,99.75,111.324,217.823,-1,99.69,27.099
2026-01-02T09:44:13+00:00,99.7,99.695,99.705,81.627,116.136,99.685,99.715,59.527,69.092,99.675,99.725,91.469,163.09,99.665,99.735,98.95,137.841,99.655,99.745,40.351,52.556,1,99.705,22.764
2026-01-02T09:44:14+00:00,99.69,99.685,99.695,27.871,33.665,99.675,99.705,39.659,55.934,99.665,99.715,66.664,84.739,99.655,99.725,65.437,96.154,99.645,99.735,58.506,67.402,-1,99.685,26.788
2026-01-02T09:44:15+00:00,99.69,99.685,99.695,53.714,64.599,99.675,99.705,145.022,158.238,99.665,99.715,59.944,82.033,99.655,99.725,66.692,82.836,99.645,99.735,127.073,149.747,1,99.695,28.724
2026-01-02T09:44:16+00:00,99.69,99.68,99.7,57.248,66.934,99.67,99.71,46.996,66.532,99.66,99.72,82.827,93.333,99.65,99.73,143.271,123.879,99.64,99.74,140.742,183.55,1,99.7,40.809
2026-01-02T09:44:17+00:00,99.69,99.68,99.7,34.756,39.62,99.67,99.71,52.397,54.58,99.66,99.72,75.609,73.56,99.65,99.73,115.232,76.038,99.64,99.74,105.77,126.921,-1,99.68,26.168
2026-01-02T09:44:18+00:00,99.69,99.68,99.7,44.285,49.425,99.67,99.71,77.855,89.296,99.66,99.72,128.941,157.343,99.65,99.73,115.409,108.651,99.64,99.74,103.854,115.897,1,99.7,9.249
2026-01-02T09:44:19+00:00,99.69,99.685,99.695,66.535,79.476,99.675,99.705,47.624,61.659,99.665,99.715,96.378,175.954,99.655,99.725,51.961,93.074,99.645,99.735,140.844,186.143,1,99.695,17.729
2026-01-02T09:44:20+00:00,99.69,99.675,99.705,113.994,135.45,99.665,99.715,43.809,68.42,99.655,99.725,59.549,180.457,99.645,99.735,105.234,151.447,99.635,99.745,120.798,176.312,-1,99.675,15.456
2026-01-02T09:44:21+00:00,99.69,99.685,99.695,67.465,68.17,99.675,99.705,46.376,61.264,99.665,99.715,70.101,85.346,99.655,99.725,39.888,61.131,99.645,99.735,92.11,131.943,1,99.695,8.532
2026-01-02T09:44:22+00:00,99.69,99.685,99.695,65.626,106.917,99.675,99.705,60.951,85.413,99.665,99.715,73.293,97.384,99.655,99.725,34.149,62.236,99.645,99.735,82.446,117.274,-1,99.685,36.005
2026-01-02T09:44:23+00:00,99.68,99.675,99.685,58.275,119.882,99.665,99.695,50.283,83.198,99.655,99.705,42.565,87.199,99.645,99.715,72.506,111.007,99.635,99.725,75.233,138.05,-1,99.675,12.522
2026-01-02T09:44:24+00:00,99.68,99.67,99.69,32.58,57.816,99.66,99.7,61.721,125.067,99.65,99.71,173.344,192.286,99.64,99.72,51.142,86.169,99.63,99.73,89.909,105.131,-1,99.67,4.182
2026-01-02T09:44:25+00:00,99.68,99.675,99.685,29.065,53.821,99.665,99.695,53.837,97.819,99.655,99.705,65.771,83.179,99.645,99.715,151.492,212.912,99.635,99.725,72.437,127.279,1,99.685,7.867
2026-01-02T09:44:26+00:00,99.68,99.675,99.685,67.291,103.351,99.665,99.695,72.757,100.542,99.655,99.705,28.403,55.207,99.645,99.715,50.332,79.572,99.635,99.725,85.644,116.069,1,99.685,27.285
2026-01-02T09:44:27+00:00,99.68,99.67,99.69,56.525,120.206,99.66,99.7,45.421,68.871,99.65,99.71,72.061,84.236,99.64,99.72,60.325,104.988,99.63,99.73,67.688,117.658,-1,99.67,28.929
2026-01-02T09:44:28+00:00,99.67,99.655,99.685,30.019,52.831,99.645,99.695,72.815,116.755,99.635,99.705,66.585,81.488,99.625,99.715,78.834,127.29,99.615,99.725,87.731,152.222,-1,99.655,42.923
2026-01-02T09:44:29+00:00,99.67,99.665,99.675,56.31,85.594,99.655,99.685,22.523,54.58,99.645,99.695,60.212,69.646,99.635,99.705,56.013,80.291,99.625,99.715,96.357,148.203,-1,99.665,8.528
2026-01-02T09:44:30+00:00,99.67,99.665,99.675,37.134,51.472,99.655,99.685,64.65,77.25,99.645,99.695,94.632,84.887,99.635,99.705,168.59,192.146,99.625,99.715,48.59,58.082,-1,99.665,9.165
2026-01-02T09:44:31+00:00,99.67,99.665,99.675,45.788,62.42,99.655,99.685,123.164,148.413,99.645,99.695,67.827,89.739,99.635,99.705,88.476,103.104,99.625,99.715,116.0,112.71,-1,99.665,16.064
2026-01-02T09:44:32+00:00,99.67,99.66,99.68,90.283,110.071,99.65,99.69,37.929,49.985,99.64,99.7,76.421,87.335,99.63,99.71,82.296,78.569,99.62,99.72,206.699,277.563,-1,99.66,22.554
2026-01-02T09:44:33+00:00,99.66,99.655,99.665,39.552,42.851,99.645,99.675,60.503,71.527,99.635,99.685,39.273,50.089,99.625,99.695,118.598,138.46,99.615,99.705,135.847,138.447,1,99.665,12.136
2026-01-02T09:44:34+00:00,99.66,99.655,99.665,61.171,57.264,99.645,99.675,54.78,45.387,99.635,99.685,169.143,189.847,99.625,99.695,135.381,123.793,99.615,99.705,128.194,151.496,-1,99.655,25.463
2026-01-02T09:44:35+00:00,99.66,99.655,99.665,29.751,35.821,99.645,99.675,62.512,59.654,99.635,99.685,85.805,87.077,99.625,99.695,119.303,112.823,99.615,99.705,56.572,49.703,1,99.665,26.921
2026-01-02T09:44:36+00:00,99.66,99.65,99.67,38.653,30.589,99.64,99.68,82.429,71.669,99.63,99.69,105.869,88.913,99.62,99.7,118.493,100.851,99.61,99.71,64.831,47.112,-1,99.65,11.233
2026-01-02T09:44:37+00:00,99.66,99.645,99.675,81.45,80.255,99.635,99.685,57.869,62.401,99.625,99.695,120.262,144.543,99.615,99.705,53.716,62.905,99.605,99.715,66.05,84.887,1,99.675,7.564
2026-01-02T09:44:38+00:00,99.66,99.655,99.665,54.684,69.201,99.645,99.675,74.359,87.088,99.635,99.685,135.094,179.419,99.625,99.695,156.646,143.766,99.615,99.705,131.274,170.563,1,99.665,23.607
2026-01-02T09:44:39+00:00,99.66,99.655,99.665,34.748,56.209,99.645,99.675,135.564,176.479,99.635,99.685,86.88,117.769,99.625,99.695,84.714,118.603,99.615,99.705,130.352,174.329,1,99.665,19.999
2026-01-02T09:44:40+00:00,99.66,99.655,99.665,48.489,68.508,99.645,99.675,88.672,117.465,99.635,99.685,55.9,93.316,99.625,99.695,53.695,74.171,99.615,99.705,114.309,154.898,1,99.665,11.963
2026-01-02T09:44:41+00:00,99.66,99.655,99.665,62.573,54.797,99.645,99.675,76.452,75.616,99.635,99.685,132.455,124.906,99.625,99.695,76.055,72.594,99.615,99.705,157.951,137.034,1,99.665,23.178
2026-01-02T09:44:42+00:00,99.66,99.65,99.67,50.531,60.536,99.64,99.68,77.806,93.04,99.63,99.69,133.645,160.296,99.62,99.7,95.969,170.749,99.61,99.71,65.199,78.261,1,99.67,12.809
2026-01-02T09:44:43+00:00,99.66,99.655,99.665,77.645,99.051,99.645,99.675,70.455,90.815,99.635,99.685,51.738,74.216,99.625,99.695,79.413,117.428,99.615,99.705,62.015,111.206,-1,99.655,27.226
2026-01-02T09:44:44+00:00,99.66,99.655,99.665,35.916,53.03,99.645,99.675,54.203,98.257,99.635,99.685,60.175,102.717,99.625,99.695,58.139,70.179,99.615,99.705,125.897,141.209,-1,99.655,19.242
2026-01-02T09:44:45+00:00,99.66,99.655,99.665,65.217,81.229,99.645,99.675,29.146,43.385,99.635,99.685,54.216,88.208,99.625,99.695,93.349,140.745,99.615,99.705,61.214,91.802,1,99.665,5.322
2026-01-02T09:44:46+00:00,99.66,99.65,99.67,60.618,108.528,99.64,99.68,36.535,71.759,99.63,99.69,61.663,109.159,99.62,99.7,58.11,88.53,99.61,99.71,93.784,167.779,1,99.67,13.889
2026-01-02T09:44:47+00:00,99.66,99.655,99.665,30.827,36.844,99.645,99.675,62.828,99.596,99.635,99.685,38.886,56.641,99.625,99.695,73.303,99.902,99.615,99.705,100.623,131.968,-1,99.655,14.971
2026-01-02T09:44:48+00:00,99.66,99.655,99.665,78.776,102.162,99.645,99.675,71.695,82.744,99.635,99.685,36.268,52.339,99.625,99.695,43.574,64.356,99.615,99.705,134.851,246.859,-1,99.655,21.885
2026-01-02T09:44:49+00:00,99.66,99.655,99.665,46.034,95.128,99.645,99.675,38.694,78.238,99.635,99.685,77.008,127.319,99.625,99.695,101.295,182.123,99.615,99.705,103.053,214.56,-1,99.655,32.063
2026-01-02T09:44:50+00:00,99.66,99.655,99.665,69.067,104.505,99.645,99.675,63.004,102.941,99.635,99.685,95.497,122.091,99.625,99.695,66.357,83.183,99.615,99.705,113.265,177.157,1,99.665,4.769
2026-01-02T09:44:51+00:00,99.66,99.655,99.665,52.923,101.424,99.645,99.675,62.497,100.51,99.635,99.685,78.61,113.882,99.625,99.695,105.315,192.066,99.615,99.705,66.372,115.079,-1,99.655,9.931
2026-01-02T09:44:52+00:00,99.67,99.665,99.675,28.814,55.056,99.655,99.685,37.651,88.378,99.645,99.695,47.264,66.142,99.635,99.705,105.961,177.158,99.625,99.715,116.115,223.596,-1,99.665,6.47
2026-01-02T09:44:53+00:00,99.68,99.675,99.685,127.101,205.867,99.665,99.695,117.082,213.631,99.655,99.705,64.857,121.892,99.645,99.715,79.967,132.316,99.635,99.725,75.853,141.773,-1,99.675,13.401
2026-01-02T09:44:54+00:00,99.68,99.67,99.69,52.035,84.797,99.66,99.7,38.757,65.194,99.65,99.71,76.471,118.584,99.64,99.72,71.924,98.958,99.63,99.73,52.418,90.945,-1,99.67,27.511
2026-01-02T09:44:55+00:00,99.68,99.675,99.685,57.772,89.794,99.665,99.695,71.079,77.359,99.655,99.705,79.885,121.912,99.645,99.715,59.692,84.699,99.635,99.725,98.077,142.045,-1,99.675,20.456
2026-01-02T09:44:56+00:00,99.68,99.675,99.685,30.498,41.568,99.665,99.695,69.223,95.678,99.655,99.705,74.526,101.542,99.645,99.715,105.736,105.536,99.635,99.725,70.291,111.228,-1,99.675,13.381
2026-01-02T09:44:57+00:00,99.68,99.675,99.685,72.866,90.524,99.665,99.695,64.861,73.113,99.655,99.705,89.288,115.325,99.645,99.715,77.943,88.206,99.635,99.725,170.813,143.883,1,99.685,10.417
2026-01-02T09:44:58+00:00,99.68,99.675,99.685,66.218,69.924,99.665,99.695,81.014,65.944,99.655,99.705,77.418,93.173,99.645,99.715,48.325,59.546,99.635,99.725,131.322,142.052,1,99.685,23.837
2026-01-02T09:44:59+00:00,99.69,99.685,99.695,72.595,85.264,99.675,99.705,132.285,131.717,99.665,99.715,69.193,83.304,99.655,99.725,124.459,102.847,99.645,99.735,193.715,200.993,-1,99.685,14.398
2026-01-02T09:45:00+00:00,99.69,99.685,99.695,77.566,99.115,99.675,99.705,75.428,116.574,99.665,99.715,137.808,204.699,99.655,99.725,61.797,71.025,99.645,99.735,178.535,179.212,-1,99.685,40.766
2026-01-02T09:45:01+00:00,99.69,99.68,99.7,42.9,69.493,99.67,99.71,60.921,74.321,99.66,99.72,71.8,109.511,99.65,99.73,108.16,152.773,99.64,99.74,73.498,130.78,-1,99.68,26.883
2026-01-02T09:45:02+00:00,99.7,99.695,99.705,37.618,58.483,99.685,99.715,24.509,44.899,99.675,99.725,67.362,118.751,99.665,99.735,62.52,82.046,99.655,99.745,75.422,150.426,1,99.705,18.627
2026-01-02T09:45:03+00:00,99.7,99.69,99.71,49.637,56.366,99.68,99.72,66.249,69.872,99.67,99.73,59.066,95.402,99.66,99.74,97.049,99.645,99.65,99.75,72.961,107.03,1,99.71,13.785
2026-01-02T09:45:04+00:00,99.69,99.685,99.695,51.061,101.3,99.675,99.705,53.426,94.008,99.665,99.715,52.157,69.657,99.655,99.725,59.684,110.66,99.645,99.735,69.75,158.231,-1,99.685,13.63
2026-01-02T09:45:05+00:00,99.68,99.67,99.69,33.994,60.562,99.66,99.7,31.829,64.328,99.65,99.71,37.276,58.716,99.64,99.72,130.041,212.606,99.63,99.73,56.502,94.651,-1,99.67,28.326
2026-01-02T09:45:06+00:00,99.68,99.675,99.685,52.396,99.719,99.665,99.695,59.858,88.145,99.655,99.705,56.828,94.907,99.645,99.715,59.47,93.263,99.635,99.725,74.604,127.634,-1,99.675,16.745
2026-01-02T09:45:07+00:00,99.68,99.675,99.685,35.302,77.389,99.665,99.695,63.847,105.773,99.655,99.705,29.433,49.639,99.645,99.715,79.831,134.768,99.635,99.725,107.254,186.659,1,99.685,18.019
2026-01-02T09:45:08+00:00,99.68,99.675,99.685,39.433,89.49,99.665,99.695,56.796,109.476,99.655,99.705,85.956,159.486,99.645,99.715,83.711,127.871,99.635,99.725,117.197,251.403,1,99.685,15.581
2026-01-02T09:45:09+00:00,99.68,99.67,99.69,32.017,71.397,99.66,99.7,29.913,69.08,99.65,99.71,60.75,126.787,99.64,99.72,47.138,87.312,99.63,99.73,75.636,98.718,-1,99.67,7.759
2026-01-02T09:45:10+00:00,99.68,99.675,99.685,28.279,50.242,99.665,99.695,61.892,80.625,99.655,99.705,59.948,81.133,99.645,99.715,101.576,133.01,99.635,99.725,102.257,184.487,-1,99.675,9.011
2026-01-02T09:45:11+00:00,99.68,99.675,99.685,40.982,60.003,99.665,99.695,53.534,84.058,99.655,99.705,33.396,56.403,99.645,99.715,83.156,140.014,99.635,99.725,134.286,165.957,-1,99.675,42.422
2026-01-02T09:45:12+00:00,99.68,99.665,99.695,41.272,85.311,99.655,99.705,35.33,53.15,99.645,99.715,86.669,158.459,99.635,99.725,89.507,144.563,99.625,99.735,92.649,132.191,-1,99.665,15.522
2026-01-02T09:45:13+00:00,99.68,99.675,99.685,49.369,67.504,99.665,99.695,37.206,64.552,99.655,99.705,70.165,139.911,99.645,99.715,106.027,148.075,99.635,99.725,109.185,161.496,-1,99.675,16.338
2026-01-02T09:45:14+00:00,99.68,99.675,99.685,27.646,50.532,99.665,99.695,44.143,84.162,99.655,99.705,79.836,119.762,99.645,99.715,41.593,83.885,99.635,99.725,106.244,204.657,1,99.685,12.607
2026-01-02T09:45:15+00:00,99.68,99.675,99.685,52.605,83.351,99.665,99.695,33.042,63.822,99.655,99.705,133.706,214.435,99.645,99.715,130.739,178.415,99.635,99.725,85.145,124.432,1,99.685,20.803
2026-01-02T09:45:16+00:00,99.68,99.675,99.685,36.863,53.442,99.665,99.695,38.705,76.592,99.655,99.705,58.078,105.567,99.645,99.715,47.628,91.037,99.635,99.725,65.863,81.984,-1,99.675,18.191
2026-01-02T09:45:17+00:00,99.68,99.675,99.685,71.237,147.327,99.665,99.695,35.524,77.112,99.655,99.705,58.572,96.992,99.645,99.715,38.077,93.509,99.635,99.725,64.334,148.58,-1,99.675,4.81
2026-01-02T09:45:18+00:00,99.68,99.675,99.685,27.581,52.411,99.665,99.695,56.673,97.068,99.655,99.705,66.462,143.863,99.645,99.715,81.596,131.106,99.635,99.725,59.45,163.706,-1,99.675,9.749
2026-01-02T09:45:19+00:00,99.68,99.675,99.685,18.249,49.416,99.665,99.695,21.206,46.191,99.655,99.705,76.175,173.043,99.645,99.715,65.902,175.132,99.635,99.725,69.047,156.156,-1,99.675,25.255
2026-01-02T09:45:20+00:00,99.68,99.67,99.69,30.742,56.557,99.66,99.7,66.567,118.291,99.65,99.71,53.003,100.285,99.64,99.72,49.573,111.039,99.63,99.73,78.844,131.451,1,99.69,40.626
2026-01-02T09:45:21+00:00,99.68,99.675,99.685,33.604,89.804,99.665,99.695,40.744,104.796,99.655,99.705,54.465,157.496,99.645,99.715,62.409,164.441,99.635,99.725,61.765,164.137,-1,99.675,22.292
2026-01-02T09:45:22+00:00,99.68,99.675,99.685,25.647,64.728,99.665,99.695,38.051,128.753,99.655,99.705,43.492,105.831,99.645,99.715,42.569,118.741,99.635,99.725,54.934,127.861,-1,99.675,14.638
2026-01-02T09:45:23+00:00,99.68,99.675,99.685,42.453,136.888,99.665,99.695,57.213,148.863,99.655,99.705,41.204,112.153,99.645,99.715,58.861,174.102,99.635,99.725,93.814,214.587,-1,99.675,25.971
2026-01-02T09:45:24+00:00,99.68,99.675,99.685,48.945,123.827,99.665,99.695,29.378,66.347,99.655,99.705,32.796,96.039,99.645,99.715,32.968,103.833,99.635,99.725,63.036,134.816,1,99.685,17.921
2026-01-02T09:45:25+00:00,99.67,99.665,99.675,30.762,74.94,99.655,99.685,66.31,163.469,99.645,99.695,66.827,151.992,99.635,99.705,54.082,123.873,99.625,99.715,41.759,116.452,1,99.675,25.005
2026-01-02T09:45:26+00:00,99.66,99.655,99.665,29.656,62.053,99.645,99.675,87.41,128.634,99.635,99.685,67.724,145.943,99.625,99.695,112.56,186.425,99.615,99.705,52.967,89.539,-1,99.655,6.44
2026-01-02T09:45:27+00:00,99.66,99.655,99.665,25.804,56.709,99.645,99.675,50.173,73.104,99.635,99.685,58.863,133.175,99.625,99.695,40.783,57.035,99.615,99.705,26.833,48.155,-1,99.655,13.456
2026-01-02T09:45:28+00:00,99.66,99.655,99.665,65.39,106.475,99.645,99.675,43.488,97.357,99.635,99.685,59.874,125.0,99.625,99.695,62.332,158.277,99.615,99.705,80.825,134.813,-1,99.655,31.387
2026-01-02T09:45:29+00:00,99.66,99.655,99.665,53.841,91.632,99.645,99.675,68.097,139.292,99.635,99.685,47.876,83.798,99.625,99.695,109.671,179.399,99.615,99.705,85.374,123.695,-1,99.655,13.333
2026-01-02T09:45:30+00:00,99.66,99.655,99.665,52.742,125.85,99.645,99.675,47.916,123.354,99.635,99.685,51.908,128.574,99.625,99.695,56.293,129.424,99.615,99.705,122.954,232.747,-1,99.655,7.477
2026-01-02T09:45:31+00:00,99.66,99.655,99.665,21.501,37.91,99.645,99.675,62.394,115.248,99.635,99.685,66.89,123.26,99.625,99.695,83.957,141.74,99.615,99.705,106.807,228.179,-1,99.655,50.01
2026-01-02T09:45:32+00:00,99.66,99.655,99.665,52.698,66.211,99.645,99.675,66.768,86.602,99.635,99.685,140.823,153.431,99.625,99.695,120.351,171.783,99.615,99.705,103.202,108.811,1,99.665,7.283
2026-01-02T09:45:33+00:00,99.66,99.655,99.665,89.044,89.238,99.645,99.675,30.401,39.039,99.635,99.685,124.097,135.287,99.625,99.695,76.269,114.937,99.615,99.705,61.623,86.398,-1,99.655,55.08
2026-01-02T09:45:34+00:00,99.66,99.65,99.67,58.621,111.739,99.64,99.68,40.523,63.256,99.63,99.69,56.963,92.872,99.62,99.7,96.328,125.483,99.61,99.71,65.7,106.22,1,99.67,15.16
2026-01-02T09:45:35+00:00,99.66,99.655,99.665,65.988,109.806,99.645,99.675,67.572,111.726,99.635,99.685,80.729,202.411,99.625,99.695,63.944,94.526,99.615,99.705,82.834,157.448,-1,99.655,12.0
2026-01-02T09:45:36+00:00,99.66,99.655,99.665,42.789,40.597,99.645,99.675,134.41,165.289,99.635,99.685,101.88,76.122,99.625,99.695,86.07,109.829,99.615,99.705,93.338,124.994,-1,99.655,7.985
2026-01-02T09:45:37+00:00,99.66,99.65,99.67,124.499,142.671,99.64,99.68,87.72,121.845,99.63,99.69,139.849,144.086,99.62,99.7,89.605,112.431,99.61,99.71,85.519,134.572,1,99.67,9.799
2026-01-02T09:45:38+00:00,99.66,99.655,99.665,76.178,123.912,99.645,99.675,50.461,115.407,99.635,99.685,109.192,143.441,99.625,99.695,63.689,106.363,99.615,99.705,87.823,116.72,-1,99.655,18.74
2026-01-02T09:45:39+00:00,99.66,99.65,99.67,48.995,78.938,99.64,99.68,89.767,131.241,99.63,99.69,131.317,203.519,99.62,99.7,72.603,127.42,99.61,99.71,66.295,83.466,-1,99.65,28.207
2026-01-02T09:45:40+00:00,99.66,99.655,99.665,55.443,52.368,99.645,99.675,72.677,85.498,99.635,99.685,36.837,47.413,99.625,99.695,63.135,109.473,99.615,99.705,90.443,107.08,-1,99.655,12.648
2026-01-02T09:45:41+00:00,99.66,99.65,99.67,60.179,59.434,99.64,99.68,94.266,92.297,99.63,99.69,94.937,72.086,99.62,99.7,129.129,107.458,99.61,99.71,123.78,130.891,1,99.67,19.627
2026-01-02T09:45:42+00:00,99.66,99.655,99.665,62.636,40.008,99.645,99.675,102.426,101.597,99.635,99.685,69.402,61.225,99.625,99.695,101.351,109.814,99.615,99.705,55.394,44.046,-1,99.655,20.493
2026-01-02T09:45:43+00:00,99.66,99.655,99.665,83.85,71.208,99.645,99.675,155.925,99.746,99.635,99.685,122.854,106.408,99.625,99.695,104.961,61.449,99.615,99.705,170.334,155.553,1,99.665,10.686
2026-01-02T09:45:44+00:00,99.65,99.645,99.655,74.728,49.926,99.635,99.665,65.568,48.821,99.625,99.675,61.688,57.379,99.615,99.685,94.462,75.101,99.605,99.695,167.738,99.771,1,99.655,28.548
2026-01-02T09:45:45+00:00,99.65,99.645,99.655,114.198,110.194,99.635,99.665,83.794,53.28,99.625,99.675,149.759,119.956,99.615,99.685,175.434,183.577,99.605,99.695,201.591,120.661,-1,99.645,7.428
2026-01-02T09:45:46+00:00,99.65,99.645,99.655,53.838,47.408,99.635,99.665,91.074,94.305,99.625,99.675,88.19,105.568,99.615,99.685,79.844,89.031,99.605,99.695,117.494,86.718,-1,99.645,54.317
2026-01-02T09:45:47+00:00,99.65,99.645,99.655,165.721,171.07,99.635,99.665,40.402,57.594,99.625,99.675,42.193,57.381,99.615,99.685,95.169,99.881,99.605,99.695,117.79,163.072,1,99.655,22.882
2026-01-02T09:45:48+00:00,99.65,99.645,99.655,28.815,35.208,99.635,99.665,62.988,63.305,99.625,99.675,155.369,117.747,99.615,99.685,86.066,74.474,99.605,99.695,77.29,89.861,-1,99.645,10.974
2026-01-02T09:45:49+00:00,99.65,99.645,99.655,50.756,64.33,99.635,99.665,120.09,110.536,99.625,99.675,140.943,100.928,99.615,99.685,91.185,79.296,99.605,99.695,111.592,107.741,1,99.655,7.25
2026-01-02T09:45:50+00:00,99.65,99.635,99.665,53.877,105.038,99.625,99.675,111.508,216.623,99.615,99.685,88.708,97.082,99.605,99.695,99.349,143.918,99.595,99.705,70.645,106.302,1,99.665,13.532
2026-01-02T09:45:51+00:00,99.65,99.645,99.655,39.72,47.914,99.635,99.665,70.042,76.591,99.625,99.675,62.872,69.577,99.615,99.685,129.368,179.859,99.605,99.695,26.781,34.881,-1,99.645,29.339
2026-01-02T09:45:52+00:00,99.65,99.635,99.665,60.339,69.956,99.625,99.675,68.739,119.95,99.615,99.685,101.641,121.789,99.605,99.695,82.915,128.021,99.595,99.705,123.556,135.629,-1,99.635,7.454
2026-01-02T09:45:53+00:00,99.64,99.63,99.65,103.655,165.173,99.62,99.66,147.964,172.877,99.61,99.67,79.934,125.47,99.6,99.68,83.76,147.54,99.59,99.69,74.994,76.077,-1,99.63,16.412
2026-01-02T09:45:54+00:00,99.64,99.635,99.645,53.209,101.14,99.625,99.655,53.524,79.138,99.615,99.665,70.683,85.386,99.605,99.675,91.586,175.308,99.595,99.685,86.223,156.104,-1,99.635,13.219
2026-01-02T09:45:55+00:00,99.65,99.645,99.655,46.067,73.581,99.635,99.665,55.076,96.879,99.625,99.675,85.192,157.248,99.615,99.685,61.223,111.297,99.605,99.695,72.605,123.94,-1,99.645,16.935
2026-01-02T09:45:56+00:00,99.65,99.64,99.66,70.919,134.103,99.63,99.67,49.354,103.984,99.62,99.68,99.968,134.189,99.61,99.69,40.378,84.166,99.6,99.7,89.562,128.885,-1,99.64,4.914
2026-01-02T09:45:57+00:00,99.65,99.645,99.655,75.85,114.548,99.635,99.665,73.28,114.309,99.625,99.675,82.208,144.538,99.615,99.685,51.226,155.984,99.605,99.695,85.079,133.594,-1,99.645,36.024
2026-01-02T09:45:58+00:00,99.65,99.635,99.665,38.929,85.678,99.625,99.675,38.997,77.295,99.615,99.685,51.103,143.681,99.605,99.695,33.398,81.18,99.595,99.705,71.717,138.549,-1,99.635,21.654
2026-01-02T09:45:59+00:00,99.64,99.635,99.645,34.088,88.436,99.625,99.655,78.182,143.398,99.615,99.665,81.61,161.354,99.605,99.675,72.2,108.069,99.595,99.685,105.319,191.81,1,99.645,27.962
2026-01-02T09:46:00+00:00,99.64,99.635,99.645,43.869,103.581,99.625,99.655,36.555,84.873,99.615,99.665,45.873,80.305,99.605,99.675,43.923,74.421,99.595,99.685,91.488,186.618,1,99.645,23.093
2026-01-02T09:46:01+00:00,99.63,99.625,99.635,76.245,113.39,99.615,99.645,72.412,106.0,99.605,99.655,74.366,186.999,99.595,99.665,94.857,186.757,99.585,99.675,185.581,307.062,-1,99.625,17.543
2026-01-02T09:46:02+00:00,99.63,99.625,99.635,43.496,74.982,99.615,99.645,37.421,52.089,99.605,99.655,85.949,121.968,99.595,99.665,61.699,94.769,99.585,99.675,97.915,138.041,1,99.635,9.479
2026-01-02T09:46:03+00:00,99.63,99.625,99.635,55.256,78.053,99.615,99.645,36.321,67.026,99.605,99.655,52.393,72.75,99.595,99.665,83.578,97.471,99.585,99.675,94.448,122.424,-1,99.625,25.332
2026-01-02T09:46:04+00:00,99.63,99.62,99.64,44.659,55.704,99.61,99.65,60.349,102.407,99.6,99.66,113.403,91.273,99.59,99.67,50.491,87.279,99.58,99.68,70.557,113.15,1,99.64,7.641
2026-01-02T09:46:05+00:00,99.63,99.625,99.635,59.239,56.033,99.615,99.645,68.636,79.333,99.605,99.655,98.144,129.854,99.595,99.665,101.13,113.102,99.585,99.675,125.416,134.113,1,99.635,49.208
2026-01-02T09:46:06+00:00,99.63,99.625,99.635,59.19,106.332,99.615,99.645,50.604,73.369,99.605,99.655,59.192,127.605,99.595,99.665,135.775,192.26,99.585,99.675,68.569,79.149,-1,99.625,43.428
2026-01-02T09:46:07+00:00,99.62,99.615,99.625,61.519,102.031,99.605,99.635,100.145,144.096,99.595,99.645,95.279,203.429,99.585,99.655,75.336,85.257,99.575,99.665,79.577,117.175,-1,99.615,32.201
2026-01-02T09:46:08+00:00,99.61,99.605,99.615,50.58,111.691,99.595,99.625,41.233,87.464,99.585,99.635,40.553,92.896,99.575,99.645,58.011,139.118,99.565,99.655,54.566,86.871,-1,99.605,10.248
2026-01-02T09:46:09+00:00,99.6,99.595,99.605,72.119,135.283,99.585,99.615,74.42,138.771,99.575,99.625,56.976,94.906,99.565,99.635,40.341,100.581,99.555,99.645,64.996,158.406,-1,99.595,11.253
2026-01-02T09:46:10+00:00,99.6,99.595,99.605,43.865,86.724,99.585,99.615,58.039,103.942,99.575,99.625,56.619,124.488,99.565,99.635,86.018,133.94,99.555,99.645,84.501,173.293,-1,99.595,8.213
2026-01-02T09:46:11+00:00,99.59,99.575,99.605,41.631,123.146,99.565,99.615,55.702,105.898,99.555,99.625,79.908,110.563,99.545,99.635,116.777,187.266,99.535,99.645,47.921,112.43,-1,99.575,31.828
2026-01-02T09:46:12+00:00,99.59,99.58,99.6,62.596,144.416,99.57,99.61,31.891,61.27,99.56,99.62,46.328,90.214,99.55,99.63,68.861,117.569,99.54,99.64,30.026,58.237,-1,99.58,14.476
2026-01-02T09:46:13+00:00,99.59,99.585,99.595,50.39,68.045,99.575,99.605,62.415,107.755,99.565,99.615,80.123,102.908,99.555,99.625,64.835,84.18,99.545,99.635,152.566,182.96,-1,99.585,20.376
2026-01-02T09:46:14+00:00,99.59,99.585,99.595,62.367,74.092,99.575,99.605,84.5,94.159,99.565,99.615,87.803,96.557,99.555,99.625,85.923,83.652,99.545,99.635,103.24,99.169,-1,99.585,17.206
2026-01-02T09:46:15+00:00,99.59,99.575,99.605,85.017,85.223,99.565,99.615,99.601,91.655,99.555,99.625,116.826,134.301,99.545,99.635,85.416,73.088,99.535,99.645,72.558,103.531,1,99.605,27.137
2026-01-02T09:46:16+00:00,99.59,99.585,99.595,85.897,70.441,99.575,99.605,70.79,64.895,99.565,99.615,43.881,50.353,99.555,99.625,129.153,173.024,99.545,99.635,82.558,87.955,1,99.595,23.577
2026-01-02T09:46:17+00:00,99.59,99.58,99.6,94.873,92.154,99.57,99.61,57.5,41.519,99.56,99.62,139.905,95.718,99.55,99.63,247.019,181.959,99.54,99.64,210.284,135.631,1,99.6,18.745
2026-01-02T09:46:18+00:00,99.58,99.575,99.585,43.999,56.618,99.565,99.595,38.158,53.294,99.555,99.605,169.268,198.313,99.545,99.615,137.415,167.044,99.535,99.625,155.725,208.12,1,99.585,17.405
2026-01-02T09:46:19+00:00,99.58,99.575,99.585,92.242,94.363,99.565,99.595,50.031,60.457,99.555,99.605,70.543,73.375,99.545,99.615,120.402,130.194,99.535,99.625,145.952,155.189,1,99.585,23.66
2026-01-02T09:46:20+00:00,99.58,99.575,99.585,79.196,134.411,99.565,99.595,45.654,87.178,99.555,99.605,35.826,58.971,99.545,99.615,59.124,100.986,99.535,99.625,76.302,129.951,-1,99.575,12.771
2026-01-02T09:46:21+00:00,99.58,99.575,99.585,58.867,72.289,99.565,99.595,59.298,76.75,99.555,99.605,84.466,101.086,99.545,99.615,125.907,176.243,99.535,99.625,85.706,127.378,-1,99.575,13.514
2026-01-02T09:46:22+00:00,99.58,99.575,99.585,56.885,66.434,99.565,99.595,63.979,61.54,99.555,99.605,133.391,195.511,99.545,99.615,119.651,173.546,99.535,99.625,69.895,95.214,-1,99.575,10.27
2026-01-02T09:46:23+00:00,99.58,99.575,99.585,43.056,71.733,99.565,99.595,90.11,130.903,99.555,99.605,117.484,201.138,99.545,99.615,156.424,192.363,99.535,99.625,52.676,91.078,-1,99.575,55.362
2026-01-02T09:46:24+00:00,99.58,99.575,99.585,76.713,92.252,99.565,99.595,53.922,83.13,99.555,99.605,61.702,93.399,99.545,99.615,55.239,76.803,99.535,99.625,65.318,112.336,-1,99.575,31.725
2026-01-02T09:46:25+00:00,99.58,99.57,99.59,82.532,84.447,99.56,99.6,62.118,83.529,99.55,99.61,95.024,95.862,99.54,99.62,85.453,58.205,99.53,99.63,161.409,216.344,1,99.59,30.51
2026-01-02T09:46:26+00:00,99.58,99.575,99.585,42.444,64.088,99.565,99.595,51.3,54.109,99.555,99.605,142.661,181.921,99.545,99.615,66.245,92.231,99.535,99.625,131.891,139.11,1,99.585,23.44
2026-01-02T09:46:27+00:00,99.58,99.575,99.585,36.501,38.491,99.565,99.595,109.975,122.682,99.555,99.605,84.169,94.187,99.545,99.615,76.586,93.655,99.535,99.625,210.398,216.825,-1,99.575,10.447
2026-01-02T09:46:28+00:00,99.57,99.565,99.575,47.876,29.95,99.555,99.585,73.337,47.096,99.545,99.595,99.636,87.944,99.535,99.605,172.469,121.716,99.525,99.615,118.594,97.989,1,99.575,25.35
2026-01-02T09:46:29+00:00,99.57,99.565,99.575,66.068,39.133,99.555,99.585,94.201,78.653,99.545,99.595,87.911,70.386,99.535,99.605,149.946,107.527,99.525,99.615,264.855,255.321,1,99.575,15.889
2026-01-02T09:46:30+00:00,99.57,99.56,99.58,108.179,70.957,99.55,99.59,104.13,96.392,99.54,99.6,66.246,42.843,99.53,99.61,139.231,88.764,99.52,99.62,170.702,142.052,1,99.58,39.52
2026-01-02T09:46:31+00:00,99.57,99.565,99.575,98.599,96.287,99.555,99.585,89.759,114.213,99.545,99.595,79.493,93.549,99.535,99.605,80.348,68.926,99.525,99.615,319.599,232.44,1,99.575,16.492
2026-01-02T09:46:32+00:00,99.57,99.565,99.575,38.19,39.604,99.555,99.585,77.865,80.967,99.545,99.595,114.796,136.964,99.535,99.605,104.003,123.366,99.525,99.615,67.112,57.966,1,99.575,10.195
2026-01-02T09:46:33+00:00,99.56,99.55,99.57,53.665,64.45,99.54,99.58,59.428,78.212,99.53,99.59,66.721,107.057,99.52,99.6,132.158,160.203,99.51,99.61,136.084,114.414,1,99.57,13.676
2026-01-02T09:46:34+00:00,99.56,99.545,99.575,78.0,91.163,99.535,99.585,111.942,140.558,99.525,99.595,53.872,87.557,99.515,99.605,71.437,82.575,99.505,99.615,115.732,184.071,1,99.575,11.823
2026-01-02T09:46:35+00:00,99.56,99.555,99.565,47.121,59.466,99.545,99.575,71.895,103.397,99.535,99.585,190.405,246.483,99.525,99.595,50.716,80.902,99.515,99.605,96.929,107.182,-1,99.555,12.683
2026-01-02T09:46:36+00:00,99.56,99.545,99.575,62.182,80.562,99.535,99.585,127.915,111.4,99.525,99.595,84.984,80.281,99.515,99.605,107.322,96.974,99.505,99.615,69.81,100.572,-1,99.545,25.813
2026-01-02T09:46:37+00:00,99.56,99.555,99.565,80.14,108.807,99.545,99.575,64.71,97.56,99.535,99.585,115.438,133.348,99.525,99.595,107.869,132.477,99.515,99.605,89.126,95.793,1,99.565,19.04
2026-01-02T09:46:38+00:00,99.56,99.555,99.565,65.519,88.983,99.545,99.575,90.696,87.433,99.535,99.585,64.163,92.808,99.525,99.595,79.945,98.586,99.515,99.605,45.37,81.9,1,99.565,22.78
2026-01-02T09:46:39+00:00,99.56,99.555,99.565,48.586,71.845,99.545,99.575,74.117,109.769,99.535,99.585,63.909,82.344,99.525,99.595,84.184,158.506,99.515,99.605,201.508,480.691,-1,99.555,10.888
